Starting sequential CNN layer sweep
Layers: 2 3 4 5 6 7 8
Subset size: -1
Device: cuda

============================================================
Starting layer count: 2
============================================================
Using device: cuda
Selected CNN depth: 2/8 convolutional layers
Reading targets from: /mnt/c/Users/retar/Desktop/research/ML/data/MW/fcnm_RHI_z.fits
Listing spectra in: /mnt/c/Users/retar/Desktop/research/ML/data/MW/syn_HI_spec_z
Found 262144 spectra files
Mapped spectra filenames to flattened FITS target indices using target shape (512, 512)

Split sizes: train=183501, val=39322, test=39321

Target summary: selected subset (n=262144)
  fCNM: min=0, p05=0, median=0, mean=0.092244, std=0.17233, p95=0.50071, max=0.9707
  RHI : min=0.99561, p05=0.99786, median=1.0111, mean=1.0671, std=0.30218, p95=1.2818, max=38.421

Target summary: train (n=183501)
  fCNM: min=0, p05=0, median=0, mean=0.09278, std=0.17286, p95=0.50325, max=0.94901
  RHI : min=0.99561, p05=0.99786, median=1.0111, mean=1.0674, std=0.30349, p95=1.2836, max=38.421

Target summary: validation (n=39322)
  fCNM: min=0, p05=0, median=0, mean=0.090652, std=0.17093, p95=0.49569, max=0.92045
  RHI : min=0.99564, p05=0.99787, median=1.011, mean=1.0654, std=0.27205, p95=1.2814, max=12.44

Target summary: test (n=39321)
  fCNM: min=0, p05=0, median=0, mean=0.091333, std=0.17123, p95=0.49519, max=0.9707
  RHI : min=0.99566, p05=0.99785, median=1.011, mean=1.0675, std=0.32391, p95=1.2742, max=25.905

Reading only selected subset spectra: 262144 files, tb_column=3
Inferred spectrum length: 201 channels
Loaded 1/262144 spectra
Loaded 1000/262144 spectra
Loaded 2000/262144 spectra
Loaded 3000/262144 spectra
Loaded 4000/262144 spectra
Loaded 5000/262144 spectra
Loaded 6000/262144 spectra
Loaded 7000/262144 spectra
Loaded 8000/262144 spectra
Loaded 9000/262144 spectra
Loaded 10000/262144 spectra
Loaded 11000/262144 spectra
Loaded 12000/262144 spectra
Loaded 13000/262144 spectra
Loaded 14000/262144 spectra
Loaded 15000/262144 spectra
Loaded 16000/262144 spectra
Loaded 17000/262144 spectra
Loaded 18000/262144 spectra
Loaded 19000/262144 spectra
Loaded 20000/262144 spectra
Loaded 21000/262144 spectra
Loaded 22000/262144 spectra
Loaded 23000/262144 spectra
Loaded 24000/262144 spectra
Loaded 25000/262144 spectra
Loaded 26000/262144 spectra
Loaded 27000/262144 spectra
Loaded 28000/262144 spectra
Loaded 29000/262144 spectra
Loaded 30000/262144 spectra
Loaded 31000/262144 spectra
Loaded 32000/262144 spectra
Loaded 33000/262144 spectra
Loaded 34000/262144 spectra
Loaded 35000/262144 spectra
Loaded 36000/262144 spectra
Loaded 37000/262144 spectra
Loaded 38000/262144 spectra
Loaded 39000/262144 spectra
Loaded 40000/262144 spectra
Loaded 41000/262144 spectra
Loaded 42000/262144 spectra
Loaded 43000/262144 spectra
Loaded 44000/262144 spectra
Loaded 45000/262144 spectra
Loaded 46000/262144 spectra
Loaded 47000/262144 spectra
Loaded 48000/262144 spectra
Loaded 49000/262144 spectra
Loaded 50000/262144 spectra
Loaded 51000/262144 spectra
Loaded 52000/262144 spectra
Loaded 53000/262144 spectra
Loaded 54000/262144 spectra
Loaded 55000/262144 spectra
Loaded 56000/262144 spectra
Loaded 57000/262144 spectra
Loaded 58000/262144 spectra
Loaded 59000/262144 spectra
Loaded 60000/262144 spectra
Loaded 61000/262144 spectra
Loaded 62000/262144 spectra
Loaded 63000/262144 spectra
Loaded 64000/262144 spectra
Loaded 65000/262144 spectra
Loaded 66000/262144 spectra
Loaded 67000/262144 spectra
Loaded 68000/262144 spectra
Loaded 69000/262144 spectra
Loaded 70000/262144 spectra
Loaded 71000/262144 spectra
Loaded 72000/262144 spectra
Loaded 73000/262144 spectra
Loaded 74000/262144 spectra
Loaded 75000/262144 spectra
Loaded 76000/262144 spectra
Loaded 77000/262144 spectra
Loaded 78000/262144 spectra
Loaded 79000/262144 spectra
Loaded 80000/262144 spectra
Loaded 81000/262144 spectra
Loaded 82000/262144 spectra
Loaded 83000/262144 spectra
Loaded 84000/262144 spectra
Loaded 85000/262144 spectra
Loaded 86000/262144 spectra
Loaded 87000/262144 spectra
Loaded 88000/262144 spectra
Loaded 89000/262144 spectra
Loaded 90000/262144 spectra
Loaded 91000/262144 spectra
Loaded 92000/262144 spectra
Loaded 93000/262144 spectra
Loaded 94000/262144 spectra
Loaded 95000/262144 spectra
Loaded 96000/262144 spectra
Loaded 97000/262144 spectra
Loaded 98000/262144 spectra
Loaded 99000/262144 spectra
Loaded 100000/262144 spectra
Loaded 101000/262144 spectra
Loaded 102000/262144 spectra
Loaded 103000/262144 spectra
Loaded 104000/262144 spectra
Loaded 105000/262144 spectra
Loaded 106000/262144 spectra
Loaded 107000/262144 spectra
Loaded 108000/262144 spectra
Loaded 109000/262144 spectra
Loaded 110000/262144 spectra
Loaded 111000/262144 spectra
Loaded 112000/262144 spectra
Loaded 113000/262144 spectra
Loaded 114000/262144 spectra
Loaded 115000/262144 spectra
Loaded 116000/262144 spectra
Loaded 117000/262144 spectra
Loaded 118000/262144 spectra
Loaded 119000/262144 spectra
Loaded 120000/262144 spectra
Loaded 121000/262144 spectra
Loaded 122000/262144 spectra
Loaded 123000/262144 spectra
Loaded 124000/262144 spectra
Loaded 125000/262144 spectra
Loaded 126000/262144 spectra
Loaded 127000/262144 spectra
Loaded 128000/262144 spectra
Loaded 129000/262144 spectra
Loaded 130000/262144 spectra
Loaded 131000/262144 spectra
Loaded 132000/262144 spectra
Loaded 133000/262144 spectra
Loaded 134000/262144 spectra
Loaded 135000/262144 spectra
Loaded 136000/262144 spectra
Loaded 137000/262144 spectra
Loaded 138000/262144 spectra
Loaded 139000/262144 spectra
Loaded 140000/262144 spectra
Loaded 141000/262144 spectra
Loaded 142000/262144 spectra
Loaded 143000/262144 spectra
Loaded 144000/262144 spectra
Loaded 145000/262144 spectra
Loaded 146000/262144 spectra
Loaded 147000/262144 spectra
Loaded 148000/262144 spectra
Loaded 149000/262144 spectra
Loaded 150000/262144 spectra
Loaded 151000/262144 spectra
Loaded 152000/262144 spectra
Loaded 153000/262144 spectra
Loaded 154000/262144 spectra
Loaded 155000/262144 spectra
Loaded 156000/262144 spectra
Loaded 157000/262144 spectra
Loaded 158000/262144 spectra
Loaded 159000/262144 spectra
Loaded 160000/262144 spectra
Loaded 161000/262144 spectra
Loaded 162000/262144 spectra
Loaded 163000/262144 spectra
Loaded 164000/262144 spectra
Loaded 165000/262144 spectra
Loaded 166000/262144 spectra
Loaded 167000/262144 spectra
Loaded 168000/262144 spectra
Loaded 169000/262144 spectra
Loaded 170000/262144 spectra
Loaded 171000/262144 spectra
Loaded 172000/262144 spectra
Loaded 173000/262144 spectra
Loaded 174000/262144 spectra
Loaded 175000/262144 spectra
Loaded 176000/262144 spectra
Loaded 177000/262144 spectra
Loaded 178000/262144 spectra
Loaded 179000/262144 spectra
Loaded 180000/262144 spectra
Loaded 181000/262144 spectra
Loaded 182000/262144 spectra
Loaded 183000/262144 spectra
Loaded 184000/262144 spectra
Loaded 185000/262144 spectra
Loaded 186000/262144 spectra
Loaded 187000/262144 spectra
Loaded 188000/262144 spectra
Loaded 189000/262144 spectra
Loaded 190000/262144 spectra
Loaded 191000/262144 spectra
Loaded 192000/262144 spectra
Loaded 193000/262144 spectra
Loaded 194000/262144 spectra
Loaded 195000/262144 spectra
Loaded 196000/262144 spectra
Loaded 197000/262144 spectra
Loaded 198000/262144 spectra
Loaded 199000/262144 spectra
Loaded 200000/262144 spectra
Loaded 201000/262144 spectra
Loaded 202000/262144 spectra
Loaded 203000/262144 spectra
Loaded 204000/262144 spectra
Loaded 205000/262144 spectra
Loaded 206000/262144 spectra
Loaded 207000/262144 spectra
Loaded 208000/262144 spectra
Loaded 209000/262144 spectra
Loaded 210000/262144 spectra
Loaded 211000/262144 spectra
Loaded 212000/262144 spectra
Loaded 213000/262144 spectra
Loaded 214000/262144 spectra
Loaded 215000/262144 spectra
Loaded 216000/262144 spectra
Loaded 217000/262144 spectra
Loaded 218000/262144 spectra
Loaded 219000/262144 spectra
Loaded 220000/262144 spectra
Loaded 221000/262144 spectra
Loaded 222000/262144 spectra
Loaded 223000/262144 spectra
Loaded 224000/262144 spectra
Loaded 225000/262144 spectra
Loaded 226000/262144 spectra
Loaded 227000/262144 spectra
Loaded 228000/262144 spectra
Loaded 229000/262144 spectra
Loaded 230000/262144 spectra
Loaded 231000/262144 spectra
Loaded 232000/262144 spectra
Loaded 233000/262144 spectra
Loaded 234000/262144 spectra
Loaded 235000/262144 spectra
Loaded 236000/262144 spectra
Loaded 237000/262144 spectra
Loaded 238000/262144 spectra
Loaded 239000/262144 spectra
Loaded 240000/262144 spectra
Loaded 241000/262144 spectra
Loaded 242000/262144 spectra
Loaded 243000/262144 spectra
Loaded 244000/262144 spectra
Loaded 245000/262144 spectra
Loaded 246000/262144 spectra
Loaded 247000/262144 spectra
Loaded 248000/262144 spectra
Loaded 249000/262144 spectra
Loaded 250000/262144 spectra
Loaded 251000/262144 spectra
Loaded 252000/262144 spectra
Loaded 253000/262144 spectra
Loaded 254000/262144 spectra
Loaded 255000/262144 spectra
Loaded 256000/262144 spectra
Loaded 257000/262144 spectra
Loaded 258000/262144 spectra
Loaded 259000/262144 spectra
Loaded 260000/262144 spectra
Loaded 261000/262144 spectra
Loaded 262000/262144 spectra
Loaded 262144/262144 spectra
Selected TB loaded: (262144, 201)
Input mode: raw spectrum only
Model input array prepared: (262144, 201)
fCNM error floor: OFF
RHI target transform: log(RHI) for training, exp() for evaluation
Input normalization: ON, fitted per velocity channel on train split
Target normalization: ON, fitted on train split (mean fCNM/RHI=[0.0927797  0.05011275], std=[0.172869   0.14508232])
RHI tail loss weighting: OFF
fCNM zero/floor loss weighting: ON (threshold <= 0, weight=3, n=173964)
Using imbalance sampler with 24 occupied joint bins out of 100; min/max bin counts=1/133224
Building TPCNetInspiredCNN with num_layers=2
TPCNetInspiredCNN(
  num_layers=2, channels=[64, 56], kernels=[7, 33]
  (backbone): Sequential(
    (0): Conv1d(1, 64, kernel_size=(7,), stride=(1,), padding=(3,), bias=False)
    (1): BatchNorm1d(64, eps=1e-05, momentum=0.1, affine=True, track_running_stats=True)
    (2): ReLU(inplace=True)
    (3): Conv1d(64, 56, kernel_size=(33,), stride=(1,), padding=(16,), bias=False)
    (4): BatchNorm1d(56, eps=1e-05, momentum=0.1, affine=True, track_running_stats=True)
    (5): ReLU(inplace=True)
  )
  (head): Linear(in_features=11256, out_features=2, bias=True)
)
Epoch 001 | train_loss=4.49591 | train_RMSE_fCNM=0.143607 | train_RMSE_RHI=2.70486 | val_loss=3.36748 | val_RMSE_fCNM=0.0738782 | val_RMSE_RHI=0.587286 | test_RMSE_fCNM=0.0738967 | test_RMSE_RHI=0.611609 | lr=0.001
Epoch 002 | train_loss=1.83576 | train_RMSE_fCNM=0.0989288 | train_RMSE_RHI=1.59631 | val_loss=2.54672 | val_RMSE_fCNM=0.124362 | val_RMSE_RHI=0.466564 | test_RMSE_fCNM=0.124998 | test_RMSE_RHI=0.487128 | lr=0.001
Epoch 003 | train_loss=1.37057 | train_RMSE_fCNM=0.0874539 | train_RMSE_RHI=1.37539 | val_loss=2.80108 | val_RMSE_fCNM=0.0855138 | val_RMSE_RHI=0.502289 | test_RMSE_fCNM=0.0855003 | test_RMSE_RHI=0.515446 | lr=0.001
Epoch 004 | train_loss=1.14669 | train_RMSE_fCNM=0.0840643 | train_RMSE_RHI=1.27862 | val_loss=1.74682 | val_RMSE_fCNM=0.0714217 | val_RMSE_RHI=0.378058 | test_RMSE_fCNM=0.0710312 | test_RMSE_RHI=0.395997 | lr=0.001
Epoch 005 | train_loss=0.996477 | train_RMSE_fCNM=0.079513 | train_RMSE_RHI=1.2231 | val_loss=1.61062 | val_RMSE_fCNM=0.0981298 | val_RMSE_RHI=0.352448 | test_RMSE_fCNM=0.0982213 | test_RMSE_RHI=0.371984 | lr=0.001
Epoch 006 | train_loss=0.906237 | train_RMSE_fCNM=0.0748588 | train_RMSE_RHI=1.22001 | val_loss=1.2033 | val_RMSE_fCNM=0.0772025 | val_RMSE_RHI=0.298088 | test_RMSE_fCNM=0.0777317 | test_RMSE_RHI=0.32331 | lr=0.001
Epoch 007 | train_loss=0.810241 | train_RMSE_fCNM=0.0744709 | train_RMSE_RHI=1.10721 | val_loss=1.43671 | val_RMSE_fCNM=0.0982038 | val_RMSE_RHI=0.333874 | test_RMSE_fCNM=0.0983835 | test_RMSE_RHI=0.353483 | lr=0.001
Epoch 008 | train_loss=0.74253 | train_RMSE_fCNM=0.0722655 | train_RMSE_RHI=1.00021 | val_loss=1.21848 | val_RMSE_fCNM=0.0876195 | val_RMSE_RHI=0.305737 | test_RMSE_fCNM=0.087782 | test_RMSE_RHI=0.327399 | lr=0.001
Epoch 009 | train_loss=0.711206 | train_RMSE_fCNM=0.0693907 | train_RMSE_RHI=1.0823 | val_loss=1.09512 | val_RMSE_fCNM=0.0708 | val_RMSE_RHI=0.293649 | test_RMSE_fCNM=0.0705299 | test_RMSE_RHI=0.315228 | lr=0.001
Epoch 010 | train_loss=0.693177 | train_RMSE_fCNM=0.0693151 | train_RMSE_RHI=1.06688 | val_loss=1.22137 | val_RMSE_fCNM=0.0625764 | val_RMSE_RHI=0.318691 | test_RMSE_fCNM=0.0622245 | test_RMSE_RHI=0.336071 | lr=0.001
Epoch 011 | train_loss=0.609884 | train_RMSE_fCNM=0.0653707 | train_RMSE_RHI=0.944817 | val_loss=1.21888 | val_RMSE_fCNM=0.055651 | val_RMSE_RHI=0.300783 | test_RMSE_fCNM=0.0555695 | test_RMSE_RHI=0.323329 | lr=0.001
Epoch 012 | train_loss=0.578455 | train_RMSE_fCNM=0.0629679 | train_RMSE_RHI=0.908376 | val_loss=1.05032 | val_RMSE_fCNM=0.0777285 | val_RMSE_RHI=0.284629 | test_RMSE_fCNM=0.0775793 | test_RMSE_RHI=0.307839 | lr=0.001
Epoch 013 | train_loss=0.572221 | train_RMSE_fCNM=0.0654444 | train_RMSE_RHI=0.915779 | val_loss=1.02035 | val_RMSE_fCNM=0.0637054 | val_RMSE_RHI=0.270556 | test_RMSE_fCNM=0.0639399 | test_RMSE_RHI=0.300998 | lr=0.001
Epoch 014 | train_loss=0.549225 | train_RMSE_fCNM=0.061402 | train_RMSE_RHI=0.919462 | val_loss=0.961476 | val_RMSE_fCNM=0.0795936 | val_RMSE_RHI=0.256908 | test_RMSE_fCNM=0.0800575 | test_RMSE_RHI=0.284693 | lr=0.001
Epoch 015 | train_loss=0.506544 | train_RMSE_fCNM=0.0619683 | train_RMSE_RHI=0.805804 | val_loss=0.849594 | val_RMSE_fCNM=0.059132 | val_RMSE_RHI=0.239767 | test_RMSE_fCNM=0.0588941 | test_RMSE_RHI=0.268475 | lr=0.001
Epoch 016 | train_loss=0.514371 | train_RMSE_fCNM=0.0626316 | train_RMSE_RHI=0.915013 | val_loss=0.873205 | val_RMSE_fCNM=0.0752015 | val_RMSE_RHI=0.262361 | test_RMSE_fCNM=0.0754623 | test_RMSE_RHI=0.288153 | lr=0.001
Epoch 017 | train_loss=0.486345 | train_RMSE_fCNM=0.0605387 | train_RMSE_RHI=0.882427 | val_loss=0.869342 | val_RMSE_fCNM=0.0641739 | val_RMSE_RHI=0.263688 | test_RMSE_fCNM=0.0639069 | test_RMSE_RHI=0.289041 | lr=0.001
Epoch 018 | train_loss=0.466743 | train_RMSE_fCNM=0.0589143 | train_RMSE_RHI=0.856245 | val_loss=0.754494 | val_RMSE_fCNM=0.0708952 | val_RMSE_RHI=0.239146 | test_RMSE_fCNM=0.0712636 | test_RMSE_RHI=0.267798 | lr=0.001
Epoch 019 | train_loss=0.44023 | train_RMSE_fCNM=0.0568275 | train_RMSE_RHI=0.837644 | val_loss=0.792761 | val_RMSE_fCNM=0.0646072 | val_RMSE_RHI=0.239855 | test_RMSE_fCNM=0.0646906 | test_RMSE_RHI=0.269822 | lr=0.001
Epoch 020 | train_loss=0.44189 | train_RMSE_fCNM=0.058555 | train_RMSE_RHI=0.797795 | val_loss=0.753316 | val_RMSE_fCNM=0.0527775 | val_RMSE_RHI=0.240391 | test_RMSE_fCNM=0.0526696 | test_RMSE_RHI=0.271613 | lr=0.001
Epoch 021 | train_loss=0.420207 | train_RMSE_fCNM=0.0574718 | train_RMSE_RHI=0.758367 | val_loss=0.727419 | val_RMSE_fCNM=0.0559214 | val_RMSE_RHI=0.243838 | test_RMSE_fCNM=0.0565059 | test_RMSE_RHI=0.27219 | lr=0.001
Epoch 022 | train_loss=0.409624 | train_RMSE_fCNM=0.0575973 | train_RMSE_RHI=0.726134 | val_loss=0.753223 | val_RMSE_fCNM=0.077729 | val_RMSE_RHI=0.246376 | test_RMSE_fCNM=0.0775923 | test_RMSE_RHI=0.274016 | lr=0.001
Epoch 023 | train_loss=0.392258 | train_RMSE_fCNM=0.0552344 | train_RMSE_RHI=0.735933 | val_loss=0.924001 | val_RMSE_fCNM=0.0666133 | val_RMSE_RHI=0.275861 | test_RMSE_fCNM=0.0668964 | test_RMSE_RHI=0.305246 | lr=0.001
Epoch 024 | train_loss=0.402634 | train_RMSE_fCNM=0.0576233 | train_RMSE_RHI=0.771389 | val_loss=0.783199 | val_RMSE_fCNM=0.0555402 | val_RMSE_RHI=0.234292 | test_RMSE_fCNM=0.0559518 | test_RMSE_RHI=0.269316 | lr=0.001
Epoch 025 | train_loss=0.372545 | train_RMSE_fCNM=0.0537454 | train_RMSE_RHI=0.733207 | val_loss=0.695731 | val_RMSE_fCNM=0.0719357 | val_RMSE_RHI=0.233731 | test_RMSE_fCNM=0.0719695 | test_RMSE_RHI=0.265961 | lr=0.001
Epoch 026 | train_loss=0.378634 | train_RMSE_fCNM=0.0558443 | train_RMSE_RHI=0.736627 | val_loss=0.691387 | val_RMSE_fCNM=0.0547968 | val_RMSE_RHI=0.22579 | test_RMSE_fCNM=0.0549469 | test_RMSE_RHI=0.2606 | lr=0.001
Epoch 027 | train_loss=0.362368 | train_RMSE_fCNM=0.0544674 | train_RMSE_RHI=0.705225 | val_loss=0.714948 | val_RMSE_fCNM=0.0608805 | val_RMSE_RHI=0.243276 | test_RMSE_fCNM=0.0608496 | test_RMSE_RHI=0.274842 | lr=0.001
Epoch 028 | train_loss=0.349106 | train_RMSE_fCNM=0.0540837 | train_RMSE_RHI=0.673595 | val_loss=0.639771 | val_RMSE_fCNM=0.0505548 | val_RMSE_RHI=0.227907 | test_RMSE_fCNM=0.0506967 | test_RMSE_RHI=0.260766 | lr=0.001
Epoch 029 | train_loss=0.353566 | train_RMSE_fCNM=0.0538457 | train_RMSE_RHI=0.695354 | val_loss=0.674796 | val_RMSE_fCNM=0.0631764 | val_RMSE_RHI=0.238884 | test_RMSE_fCNM=0.0628492 | test_RMSE_RHI=0.268024 | lr=0.001
Epoch 030 | train_loss=0.336062 | train_RMSE_fCNM=0.0529664 | train_RMSE_RHI=0.662381 | val_loss=0.796473 | val_RMSE_fCNM=0.0909472 | val_RMSE_RHI=0.245908 | test_RMSE_fCNM=0.0911933 | test_RMSE_RHI=0.276106 | lr=0.001
Epoch 031 | train_loss=0.331987 | train_RMSE_fCNM=0.0530893 | train_RMSE_RHI=0.675892 | val_loss=0.581919 | val_RMSE_fCNM=0.0672018 | val_RMSE_RHI=0.221275 | test_RMSE_fCNM=0.0672857 | test_RMSE_RHI=0.258381 | lr=0.001
Epoch 032 | train_loss=0.339562 | train_RMSE_fCNM=0.0542395 | train_RMSE_RHI=0.69584 | val_loss=0.607577 | val_RMSE_fCNM=0.051321 | val_RMSE_RHI=0.229033 | test_RMSE_fCNM=0.051656 | test_RMSE_RHI=0.262929 | lr=0.001
Epoch 033 | train_loss=0.316752 | train_RMSE_fCNM=0.0516323 | train_RMSE_RHI=0.639904 | val_loss=0.673506 | val_RMSE_fCNM=0.0537028 | val_RMSE_RHI=0.227206 | test_RMSE_fCNM=0.0538006 | test_RMSE_RHI=0.261352 | lr=0.001
Epoch 034 | train_loss=0.316393 | train_RMSE_fCNM=0.0521705 | train_RMSE_RHI=0.692915 | val_loss=0.588293 | val_RMSE_fCNM=0.0641085 | val_RMSE_RHI=0.226298 | test_RMSE_fCNM=0.0643726 | test_RMSE_RHI=0.262391 | lr=0.001
Epoch 035 | train_loss=0.305996 | train_RMSE_fCNM=0.0515563 | train_RMSE_RHI=0.62961 | val_loss=0.603077 | val_RMSE_fCNM=0.0487423 | val_RMSE_RHI=0.224937 | test_RMSE_fCNM=0.048706 | test_RMSE_RHI=0.260145 | lr=0.001
Epoch 036 | train_loss=0.312736 | train_RMSE_fCNM=0.0531015 | train_RMSE_RHI=0.657549 | val_loss=0.606039 | val_RMSE_fCNM=0.0539482 | val_RMSE_RHI=0.225781 | test_RMSE_fCNM=0.0537737 | test_RMSE_RHI=0.259917 | lr=0.001
Epoch 037 | train_loss=0.310798 | train_RMSE_fCNM=0.0516213 | train_RMSE_RHI=0.721792 | val_loss=0.617305 | val_RMSE_fCNM=0.0633094 | val_RMSE_RHI=0.232371 | test_RMSE_fCNM=0.0634335 | test_RMSE_RHI=0.266406 | lr=0.0005
Epoch 038 | train_loss=0.23937 | train_RMSE_fCNM=0.0444452 | train_RMSE_RHI=0.4633 | val_loss=0.541459 | val_RMSE_fCNM=0.0519735 | val_RMSE_RHI=0.22341 | test_RMSE_fCNM=0.0519252 | test_RMSE_RHI=0.258189 | lr=0.0005
Epoch 039 | train_loss=0.246614 | train_RMSE_fCNM=0.0464408 | train_RMSE_RHI=0.507367 | val_loss=0.52338 | val_RMSE_fCNM=0.0475194 | val_RMSE_RHI=0.216147 | test_RMSE_fCNM=0.0472663 | test_RMSE_RHI=0.253676 | lr=0.0005
Epoch 040 | train_loss=0.231754 | train_RMSE_fCNM=0.0445678 | train_RMSE_RHI=0.457418 | val_loss=0.582533 | val_RMSE_fCNM=0.0648334 | val_RMSE_RHI=0.227988 | test_RMSE_fCNM=0.0646779 | test_RMSE_RHI=0.263567 | lr=0.0005
Epoch 041 | train_loss=0.236157 | train_RMSE_fCNM=0.0446506 | train_RMSE_RHI=0.491007 | val_loss=0.485549 | val_RMSE_fCNM=0.0497704 | val_RMSE_RHI=0.213399 | test_RMSE_fCNM=0.0497975 | test_RMSE_RHI=0.250581 | lr=0.0005
Epoch 042 | train_loss=0.228286 | train_RMSE_fCNM=0.0443095 | train_RMSE_RHI=0.489065 | val_loss=0.536968 | val_RMSE_fCNM=0.0652268 | val_RMSE_RHI=0.219473 | test_RMSE_fCNM=0.0655419 | test_RMSE_RHI=0.256717 | lr=0.0005
Epoch 043 | train_loss=0.226536 | train_RMSE_fCNM=0.0447689 | train_RMSE_RHI=0.454661 | val_loss=0.48967 | val_RMSE_fCNM=0.0527056 | val_RMSE_RHI=0.212967 | test_RMSE_fCNM=0.0527861 | test_RMSE_RHI=0.250475 | lr=0.0005
Epoch 044 | train_loss=0.220946 | train_RMSE_fCNM=0.0441687 | train_RMSE_RHI=0.470572 | val_loss=0.497452 | val_RMSE_fCNM=0.0519696 | val_RMSE_RHI=0.213764 | test_RMSE_fCNM=0.0520886 | test_RMSE_RHI=0.252639 | lr=0.0005
Epoch 045 | train_loss=0.227703 | train_RMSE_fCNM=0.0443965 | train_RMSE_RHI=0.488892 | val_loss=0.549582 | val_RMSE_fCNM=0.0527856 | val_RMSE_RHI=0.222754 | test_RMSE_fCNM=0.0528353 | test_RMSE_RHI=0.259316 | lr=0.0005
Epoch 046 | train_loss=0.22303 | train_RMSE_fCNM=0.0441192 | train_RMSE_RHI=0.471747 | val_loss=0.497773 | val_RMSE_fCNM=0.0564018 | val_RMSE_RHI=0.214094 | test_RMSE_fCNM=0.0565948 | test_RMSE_RHI=0.252271 | lr=0.0005
Epoch 047 | train_loss=0.215747 | train_RMSE_fCNM=0.0438716 | train_RMSE_RHI=0.457149 | val_loss=0.526979 | val_RMSE_fCNM=0.0509503 | val_RMSE_RHI=0.220437 | test_RMSE_fCNM=0.0507538 | test_RMSE_RHI=0.256682 | lr=0.00025
Epoch 048 | train_loss=0.191999 | train_RMSE_fCNM=0.0408257 | train_RMSE_RHI=0.374555 | val_loss=0.477157 | val_RMSE_fCNM=0.0536887 | val_RMSE_RHI=0.214642 | test_RMSE_fCNM=0.0534663 | test_RMSE_RHI=0.253103 | lr=0.00025
Epoch 049 | train_loss=0.192748 | train_RMSE_fCNM=0.0410937 | train_RMSE_RHI=0.37667 | val_loss=0.475551 | val_RMSE_fCNM=0.0514702 | val_RMSE_RHI=0.215975 | test_RMSE_fCNM=0.0514931 | test_RMSE_RHI=0.254412 | lr=0.00025
Epoch 050 | train_loss=0.190533 | train_RMSE_fCNM=0.0409122 | train_RMSE_RHI=0.3815 | val_loss=0.478425 | val_RMSE_fCNM=0.0592014 | val_RMSE_RHI=0.212849 | test_RMSE_fCNM=0.0591082 | test_RMSE_RHI=0.252115 | lr=0.00025
Epoch 051 | train_loss=0.188943 | train_RMSE_fCNM=0.0406491 | train_RMSE_RHI=0.372908 | val_loss=0.472291 | val_RMSE_fCNM=0.0544609 | val_RMSE_RHI=0.214315 | test_RMSE_fCNM=0.0542006 | test_RMSE_RHI=0.251317 | lr=0.00025
Epoch 052 | train_loss=0.187756 | train_RMSE_fCNM=0.0411476 | train_RMSE_RHI=0.375359 | val_loss=0.494095 | val_RMSE_fCNM=0.050735 | val_RMSE_RHI=0.21226 | test_RMSE_fCNM=0.0508153 | test_RMSE_RHI=0.253271 | lr=0.00025
Epoch 053 | train_loss=0.184755 | train_RMSE_fCNM=0.0406022 | train_RMSE_RHI=0.375287 | val_loss=0.493996 | val_RMSE_fCNM=0.0561403 | val_RMSE_RHI=0.214757 | test_RMSE_fCNM=0.055968 | test_RMSE_RHI=0.254586 | lr=0.00025
Epoch 054 | train_loss=0.183846 | train_RMSE_fCNM=0.0405792 | train_RMSE_RHI=0.369111 | val_loss=0.46994 | val_RMSE_fCNM=0.0494931 | val_RMSE_RHI=0.213347 | test_RMSE_fCNM=0.0495133 | test_RMSE_RHI=0.25361 | lr=0.00025
Epoch 055 | train_loss=0.183469 | train_RMSE_fCNM=0.0405872 | train_RMSE_RHI=0.36768 | val_loss=0.470107 | val_RMSE_fCNM=0.0523179 | val_RMSE_RHI=0.214091 | test_RMSE_fCNM=0.0523853 | test_RMSE_RHI=0.255251 | lr=0.00025
Epoch 056 | train_loss=0.184091 | train_RMSE_fCNM=0.040506 | train_RMSE_RHI=0.370213 | val_loss=0.450927 | val_RMSE_fCNM=0.0514968 | val_RMSE_RHI=0.208501 | test_RMSE_fCNM=0.051388 | test_RMSE_RHI=0.250613 | lr=0.00025
Epoch 057 | train_loss=0.182855 | train_RMSE_fCNM=0.040536 | train_RMSE_RHI=0.389528 | val_loss=0.455449 | val_RMSE_fCNM=0.0571661 | val_RMSE_RHI=0.209709 | test_RMSE_fCNM=0.0572002 | test_RMSE_RHI=0.251114 | lr=0.00025
Epoch 058 | train_loss=0.178111 | train_RMSE_fCNM=0.0403872 | train_RMSE_RHI=0.348965 | val_loss=0.459079 | val_RMSE_fCNM=0.0501014 | val_RMSE_RHI=0.211986 | test_RMSE_fCNM=0.0499329 | test_RMSE_RHI=0.252802 | lr=0.00025
Epoch 059 | train_loss=0.176277 | train_RMSE_fCNM=0.0397127 | train_RMSE_RHI=0.36422 | val_loss=0.449802 | val_RMSE_fCNM=0.0492589 | val_RMSE_RHI=0.211691 | test_RMSE_fCNM=0.0491695 | test_RMSE_RHI=0.253224 | lr=0.00025
Epoch 060 | train_loss=0.17496 | train_RMSE_fCNM=0.0400713 | train_RMSE_RHI=0.350266 | val_loss=0.463821 | val_RMSE_fCNM=0.0508095 | val_RMSE_RHI=0.214465 | test_RMSE_fCNM=0.0506938 | test_RMSE_RHI=0.255531 | lr=0.00025
Epoch 061 | train_loss=0.175651 | train_RMSE_fCNM=0.0400742 | train_RMSE_RHI=0.371988 | val_loss=0.462077 | val_RMSE_fCNM=0.0586733 | val_RMSE_RHI=0.212344 | test_RMSE_fCNM=0.0584446 | test_RMSE_RHI=0.253745 | lr=0.00025
Epoch 062 | train_loss=0.173857 | train_RMSE_fCNM=0.0396669 | train_RMSE_RHI=0.345366 | val_loss=0.474497 | val_RMSE_fCNM=0.0526927 | val_RMSE_RHI=0.215391 | test_RMSE_fCNM=0.0526227 | test_RMSE_RHI=0.255586 | lr=0.00025
Epoch 063 | train_loss=0.174161 | train_RMSE_fCNM=0.0396721 | train_RMSE_RHI=0.343937 | val_loss=0.447591 | val_RMSE_fCNM=0.0524808 | val_RMSE_RHI=0.209135 | test_RMSE_fCNM=0.0522337 | test_RMSE_RHI=0.251279 | lr=0.00025
Epoch 064 | train_loss=0.175734 | train_RMSE_fCNM=0.0400588 | train_RMSE_RHI=0.362182 | val_loss=0.460901 | val_RMSE_fCNM=0.0562031 | val_RMSE_RHI=0.212605 | test_RMSE_fCNM=0.0561572 | test_RMSE_RHI=0.252775 | lr=0.00025
Epoch 065 | train_loss=0.170356 | train_RMSE_fCNM=0.0394366 | train_RMSE_RHI=0.35125 | val_loss=0.450046 | val_RMSE_fCNM=0.0512678 | val_RMSE_RHI=0.211147 | test_RMSE_fCNM=0.0511566 | test_RMSE_RHI=0.253792 | lr=0.00025
Epoch 066 | train_loss=0.17312 | train_RMSE_fCNM=0.0397416 | train_RMSE_RHI=0.359491 | val_loss=0.460644 | val_RMSE_fCNM=0.0567243 | val_RMSE_RHI=0.211493 | test_RMSE_fCNM=0.0567087 | test_RMSE_RHI=0.254362 | lr=0.00025
Epoch 067 | train_loss=0.170404 | train_RMSE_fCNM=0.0391223 | train_RMSE_RHI=0.357708 | val_loss=0.435457 | val_RMSE_fCNM=0.0500738 | val_RMSE_RHI=0.207022 | test_RMSE_fCNM=0.0500686 | test_RMSE_RHI=0.249796 | lr=0.00025
Epoch 068 | train_loss=0.174015 | train_RMSE_fCNM=0.0401797 | train_RMSE_RHI=0.388584 | val_loss=0.494975 | val_RMSE_fCNM=0.0567509 | val_RMSE_RHI=0.217941 | test_RMSE_fCNM=0.0567336 | test_RMSE_RHI=0.259696 | lr=0.00025
Epoch 069 | train_loss=0.16689 | train_RMSE_fCNM=0.0391384 | train_RMSE_RHI=0.346641 | val_loss=0.429169 | val_RMSE_fCNM=0.0472039 | val_RMSE_RHI=0.206107 | test_RMSE_fCNM=0.0470866 | test_RMSE_RHI=0.250951 | lr=0.00025
Epoch 070 | train_loss=0.168347 | train_RMSE_fCNM=0.0391557 | train_RMSE_RHI=0.365779 | val_loss=0.449529 | val_RMSE_fCNM=0.0561502 | val_RMSE_RHI=0.207203 | test_RMSE_fCNM=0.0560433 | test_RMSE_RHI=0.250856 | lr=0.00025
Epoch 071 | train_loss=0.166533 | train_RMSE_fCNM=0.0394318 | train_RMSE_RHI=0.331759 | val_loss=0.425265 | val_RMSE_fCNM=0.0466932 | val_RMSE_RHI=0.204648 | test_RMSE_fCNM=0.0466668 | test_RMSE_RHI=0.249387 | lr=0.00025
Epoch 072 | train_loss=0.166422 | train_RMSE_fCNM=0.039315 | train_RMSE_RHI=0.351139 | val_loss=0.441833 | val_RMSE_fCNM=0.0515854 | val_RMSE_RHI=0.207876 | test_RMSE_fCNM=0.0516503 | test_RMSE_RHI=0.252279 | lr=0.00025
Epoch 073 | train_loss=0.166516 | train_RMSE_fCNM=0.0391715 | train_RMSE_RHI=0.34585 | val_loss=0.418336 | val_RMSE_fCNM=0.0487154 | val_RMSE_RHI=0.205717 | test_RMSE_fCNM=0.04863 | test_RMSE_RHI=0.249286 | lr=0.00025
Epoch 074 | train_loss=0.163174 | train_RMSE_fCNM=0.0391698 | train_RMSE_RHI=0.340835 | val_loss=0.43296 | val_RMSE_fCNM=0.0485451 | val_RMSE_RHI=0.205202 | test_RMSE_fCNM=0.0485816 | test_RMSE_RHI=0.249736 | lr=0.00025
Epoch 075 | train_loss=0.162237 | train_RMSE_fCNM=0.0390428 | train_RMSE_RHI=0.336464 | val_loss=0.425581 | val_RMSE_fCNM=0.0497966 | val_RMSE_RHI=0.207513 | test_RMSE_fCNM=0.0499255 | test_RMSE_RHI=0.251169 | lr=0.00025
Epoch 076 | train_loss=0.16134 | train_RMSE_fCNM=0.0386747 | train_RMSE_RHI=0.347181 | val_loss=0.433324 | val_RMSE_fCNM=0.0495381 | val_RMSE_RHI=0.209946 | test_RMSE_fCNM=0.0494143 | test_RMSE_RHI=0.253767 | lr=0.00025
Epoch 077 | train_loss=0.164722 | train_RMSE_fCNM=0.0394645 | train_RMSE_RHI=0.360907 | val_loss=0.432358 | val_RMSE_fCNM=0.048676 | val_RMSE_RHI=0.207001 | test_RMSE_fCNM=0.048815 | test_RMSE_RHI=0.250294 | lr=0.00025
Epoch 078 | train_loss=0.161726 | train_RMSE_fCNM=0.039027 | train_RMSE_RHI=0.337273 | val_loss=0.436232 | val_RMSE_fCNM=0.0556402 | val_RMSE_RHI=0.207312 | test_RMSE_fCNM=0.0556095 | test_RMSE_RHI=0.251646 | lr=0.00025
Epoch 079 | train_loss=0.161308 | train_RMSE_fCNM=0.0390582 | train_RMSE_RHI=0.351271 | val_loss=0.446839 | val_RMSE_fCNM=0.0536333 | val_RMSE_RHI=0.209005 | test_RMSE_fCNM=0.0536465 | test_RMSE_RHI=0.254006 | lr=0.000125
Epoch 080 | train_loss=0.147268 | train_RMSE_fCNM=0.0370513 | train_RMSE_RHI=0.28109 | val_loss=0.429792 | val_RMSE_fCNM=0.0547833 | val_RMSE_RHI=0.209246 | test_RMSE_fCNM=0.0547098 | test_RMSE_RHI=0.254366 | lr=0.000125
Epoch 081 | train_loss=0.149298 | train_RMSE_fCNM=0.0378704 | train_RMSE_RHI=0.284839 | val_loss=0.41225 | val_RMSE_fCNM=0.0481457 | val_RMSE_RHI=0.206378 | test_RMSE_fCNM=0.0480769 | test_RMSE_RHI=0.251176 | lr=0.000125
Epoch 082 | train_loss=0.146054 | train_RMSE_fCNM=0.037143 | train_RMSE_RHI=0.294408 | val_loss=0.419045 | val_RMSE_fCNM=0.0533367 | val_RMSE_RHI=0.207116 | test_RMSE_fCNM=0.0532521 | test_RMSE_RHI=0.252087 | lr=0.000125
Epoch 083 | train_loss=0.146108 | train_RMSE_fCNM=0.0372557 | train_RMSE_RHI=0.2975 | val_loss=0.411291 | val_RMSE_fCNM=0.0527947 | val_RMSE_RHI=0.205857 | test_RMSE_fCNM=0.0526744 | test_RMSE_RHI=0.251353 | lr=0.000125
Epoch 084 | train_loss=0.146712 | train_RMSE_fCNM=0.0372053 | train_RMSE_RHI=0.284679 | val_loss=0.422591 | val_RMSE_fCNM=0.0511143 | val_RMSE_RHI=0.208693 | test_RMSE_fCNM=0.0509374 | test_RMSE_RHI=0.252623 | lr=0.000125
Epoch 085 | train_loss=0.141165 | train_RMSE_fCNM=0.0367248 | train_RMSE_RHI=0.289139 | val_loss=0.407307 | val_RMSE_fCNM=0.0477907 | val_RMSE_RHI=0.204925 | test_RMSE_fCNM=0.047595 | test_RMSE_RHI=0.251239 | lr=0.000125
Epoch 086 | train_loss=0.141032 | train_RMSE_fCNM=0.036843 | train_RMSE_RHI=0.277965 | val_loss=0.419554 | val_RMSE_fCNM=0.0527223 | val_RMSE_RHI=0.206878 | test_RMSE_fCNM=0.0527984 | test_RMSE_RHI=0.253093 | lr=0.000125
Epoch 087 | train_loss=0.146402 | train_RMSE_fCNM=0.0373658 | train_RMSE_RHI=0.29007 | val_loss=0.41113 | val_RMSE_fCNM=0.0490588 | val_RMSE_RHI=0.205591 | test_RMSE_fCNM=0.048898 | test_RMSE_RHI=0.252675 | lr=0.000125
Epoch 088 | train_loss=0.140954 | train_RMSE_fCNM=0.0366252 | train_RMSE_RHI=0.284568 | val_loss=0.399284 | val_RMSE_fCNM=0.0495846 | val_RMSE_RHI=0.203768 | test_RMSE_fCNM=0.0494972 | test_RMSE_RHI=0.251163 | lr=0.000125
Epoch 089 | train_loss=0.14428 | train_RMSE_fCNM=0.037104 | train_RMSE_RHI=0.288883 | val_loss=0.414721 | val_RMSE_fCNM=0.0522286 | val_RMSE_RHI=0.20578 | test_RMSE_fCNM=0.0522344 | test_RMSE_RHI=0.252765 | lr=0.000125
Epoch 090 | train_loss=0.139916 | train_RMSE_fCNM=0.0363367 | train_RMSE_RHI=0.271985 | val_loss=0.40705 | val_RMSE_fCNM=0.0498788 | val_RMSE_RHI=0.204774 | test_RMSE_fCNM=0.0499239 | test_RMSE_RHI=0.251301 | lr=0.000125
Epoch 091 | train_loss=0.141774 | train_RMSE_fCNM=0.0366535 | train_RMSE_RHI=0.27987 | val_loss=0.420105 | val_RMSE_fCNM=0.0519438 | val_RMSE_RHI=0.207145 | test_RMSE_fCNM=0.0518598 | test_RMSE_RHI=0.252519 | lr=0.000125
Epoch 092 | train_loss=0.142281 | train_RMSE_fCNM=0.0369299 | train_RMSE_RHI=0.284543 | val_loss=0.423193 | val_RMSE_fCNM=0.0549509 | val_RMSE_RHI=0.20672 | test_RMSE_fCNM=0.0549531 | test_RMSE_RHI=0.253007 | lr=0.000125
Epoch 093 | train_loss=0.142367 | train_RMSE_fCNM=0.0368778 | train_RMSE_RHI=0.284985 | val_loss=0.401961 | val_RMSE_fCNM=0.0482581 | val_RMSE_RHI=0.203698 | test_RMSE_fCNM=0.0483115 | test_RMSE_RHI=0.250937 | lr=0.000125
Epoch 094 | train_loss=0.14117 | train_RMSE_fCNM=0.0368298 | train_RMSE_RHI=0.280549 | val_loss=0.418228 | val_RMSE_fCNM=0.0529057 | val_RMSE_RHI=0.205587 | test_RMSE_fCNM=0.0527359 | test_RMSE_RHI=0.251375 | lr=6.25e-05
Epoch 095 | train_loss=0.132433 | train_RMSE_fCNM=0.0357056 | train_RMSE_RHI=0.23654 | val_loss=0.416278 | val_RMSE_fCNM=0.0500018 | val_RMSE_RHI=0.206234 | test_RMSE_fCNM=0.0499907 | test_RMSE_RHI=0.253543 | lr=6.25e-05
Epoch 096 | train_loss=0.131968 | train_RMSE_fCNM=0.0357317 | train_RMSE_RHI=0.254874 | val_loss=0.399444 | val_RMSE_fCNM=0.052809 | val_RMSE_RHI=0.203168 | test_RMSE_fCNM=0.0528092 | test_RMSE_RHI=0.250162 | lr=6.25e-05
Epoch 097 | train_loss=0.133671 | train_RMSE_fCNM=0.0357588 | train_RMSE_RHI=0.245936 | val_loss=0.403252 | val_RMSE_fCNM=0.0494955 | val_RMSE_RHI=0.205105 | test_RMSE_fCNM=0.0495004 | test_RMSE_RHI=0.251577 | lr=6.25e-05
Epoch 098 | train_loss=0.13444 | train_RMSE_fCNM=0.0361055 | train_RMSE_RHI=0.243541 | val_loss=0.400774 | val_RMSE_fCNM=0.0497168 | val_RMSE_RHI=0.205013 | test_RMSE_fCNM=0.049629 | test_RMSE_RHI=0.252039 | lr=6.25e-05
Epoch 099 | train_loss=0.133091 | train_RMSE_fCNM=0.0359243 | train_RMSE_RHI=0.248321 | val_loss=0.404641 | val_RMSE_fCNM=0.0481195 | val_RMSE_RHI=0.205211 | test_RMSE_fCNM=0.0480157 | test_RMSE_RHI=0.251505 | lr=6.25e-05
Epoch 100 | train_loss=0.131799 | train_RMSE_fCNM=0.0355809 | train_RMSE_RHI=0.246253 | val_loss=0.398345 | val_RMSE_fCNM=0.0479296 | val_RMSE_RHI=0.202887 | test_RMSE_fCNM=0.0478373 | test_RMSE_RHI=0.250724 | lr=6.25e-05

Test RMSE fCNM: 0.0478372
Test RMSE RHI : 0.250723
Test MAE  fCNM: 0.0264286
Test MAE  RHI : 0.0995554

Prediction diagnostics
  fCNM truth: min=7.45058e-09, max=0.9707, mean=0.091333
  fCNM pred : min=0, max=1, mean=0.102379
  RHI truth: min=0.995655, max=25.905, mean=1.0675
  RHI pred : min=0.234733, max=9.65223, mean=1.06063

Summary
  device: cuda
  CNN layers: 2/8
  subset size: 262144
  train/val/test: 183501/39322/39321
  best validation loss: 0.398345
  final test RMSE fCNM: 0.0478372
  final test RMSE RHI : 0.250723
  sampled indices CSV: /mnt/c/Users/retar/Desktop/research/ML/ML_MW/results/layer_sweep_full_layers2/sampled_indices_layers2.csv
  split indices CSV: /mnt/c/Users/retar/Desktop/research/ML/ML_MW/results/layer_sweep_full_layers2/split_indices_layers2.csv
  training metrics CSV: /mnt/c/Users/retar/Desktop/research/ML/ML_MW/results/layer_sweep_full_layers2/training_metrics_layers2.csv
  prediction CSV: /mnt/c/Users/retar/Desktop/research/ML/ML_MW/results/layer_sweep_full_layers2/test_predictions_layers2.csv
  figures:
    /mnt/c/Users/retar/Desktop/research/ML/ML_MW/figs/layer_sweep_full_layers2/true_vs_pred_fcnm_layers2.png
    /mnt/c/Users/retar/Desktop/research/ML/ML_MW/figs/layer_sweep_full_layers2/true_vs_pred_rhi_layers2.png
    /mnt/c/Users/retar/Desktop/research/ML/ML_MW/figs/layer_sweep_full_layers2/true_vs_pred_combined_layers2.png
    /mnt/c/Users/retar/Desktop/research/ML/ML_MW/figs/layer_sweep_full_layers2/true_vs_pred_rhi_log_layers2.png

============================================================
Starting layer count: 3
============================================================
Using device: cuda
Selected CNN depth: 3/8 convolutional layers
Reading targets from: /mnt/c/Users/retar/Desktop/research/ML/data/MW/fcnm_RHI_z.fits
Listing spectra in: /mnt/c/Users/retar/Desktop/research/ML/data/MW/syn_HI_spec_z
Found 262144 spectra files
Mapped spectra filenames to flattened FITS target indices using target shape (512, 512)

Split sizes: train=183501, val=39322, test=39321

Target summary: selected subset (n=262144)
  fCNM: min=0, p05=0, median=0, mean=0.092244, std=0.17233, p95=0.50071, max=0.9707
  RHI : min=0.99561, p05=0.99786, median=1.0111, mean=1.0671, std=0.30218, p95=1.2818, max=38.421

Target summary: train (n=183501)
  fCNM: min=0, p05=0, median=0, mean=0.09278, std=0.17286, p95=0.50325, max=0.94901
  RHI : min=0.99561, p05=0.99786, median=1.0111, mean=1.0674, std=0.30349, p95=1.2836, max=38.421

Target summary: validation (n=39322)
  fCNM: min=0, p05=0, median=0, mean=0.090652, std=0.17093, p95=0.49569, max=0.92045
  RHI : min=0.99564, p05=0.99787, median=1.011, mean=1.0654, std=0.27205, p95=1.2814, max=12.44

Target summary: test (n=39321)
  fCNM: min=0, p05=0, median=0, mean=0.091333, std=0.17123, p95=0.49519, max=0.9707
  RHI : min=0.99566, p05=0.99785, median=1.011, mean=1.0675, std=0.32391, p95=1.2742, max=25.905

Reading only selected subset spectra: 262144 files, tb_column=3
Inferred spectrum length: 201 channels
Loaded 1/262144 spectra
Loaded 1000/262144 spectra
Loaded 2000/262144 spectra
Loaded 3000/262144 spectra
Loaded 4000/262144 spectra
Loaded 5000/262144 spectra
Loaded 6000/262144 spectra
Loaded 7000/262144 spectra
Loaded 8000/262144 spectra
Loaded 9000/262144 spectra
Loaded 10000/262144 spectra
Loaded 11000/262144 spectra
Loaded 12000/262144 spectra
Loaded 13000/262144 spectra
Loaded 14000/262144 spectra
Loaded 15000/262144 spectra
Loaded 16000/262144 spectra
Loaded 17000/262144 spectra
Loaded 18000/262144 spectra
Loaded 19000/262144 spectra
Loaded 20000/262144 spectra
Loaded 21000/262144 spectra
Loaded 22000/262144 spectra
Loaded 23000/262144 spectra
Loaded 24000/262144 spectra
Loaded 25000/262144 spectra
Loaded 26000/262144 spectra
Loaded 27000/262144 spectra
Loaded 28000/262144 spectra
Loaded 29000/262144 spectra
Loaded 30000/262144 spectra
Loaded 31000/262144 spectra
Loaded 32000/262144 spectra
Loaded 33000/262144 spectra
Loaded 34000/262144 spectra
Loaded 35000/262144 spectra
Loaded 36000/262144 spectra
Loaded 37000/262144 spectra
Loaded 38000/262144 spectra
Loaded 39000/262144 spectra
Loaded 40000/262144 spectra
Loaded 41000/262144 spectra
Loaded 42000/262144 spectra
Loaded 43000/262144 spectra
Loaded 44000/262144 spectra
Loaded 45000/262144 spectra
Loaded 46000/262144 spectra
Loaded 47000/262144 spectra
Loaded 48000/262144 spectra
Loaded 49000/262144 spectra
Loaded 50000/262144 spectra
Loaded 51000/262144 spectra
Loaded 52000/262144 spectra
Loaded 53000/262144 spectra
Loaded 54000/262144 spectra
Loaded 55000/262144 spectra
Loaded 56000/262144 spectra
Loaded 57000/262144 spectra
Loaded 58000/262144 spectra
Loaded 59000/262144 spectra
Loaded 60000/262144 spectra
Loaded 61000/262144 spectra
Loaded 62000/262144 spectra
Loaded 63000/262144 spectra
Loaded 64000/262144 spectra
Loaded 65000/262144 spectra
Loaded 66000/262144 spectra
Loaded 67000/262144 spectra
Loaded 68000/262144 spectra
Loaded 69000/262144 spectra
Loaded 70000/262144 spectra
Loaded 71000/262144 spectra
Loaded 72000/262144 spectra
Loaded 73000/262144 spectra
Loaded 74000/262144 spectra
Loaded 75000/262144 spectra
Loaded 76000/262144 spectra
Loaded 77000/262144 spectra
Loaded 78000/262144 spectra
Loaded 79000/262144 spectra
Loaded 80000/262144 spectra
Loaded 81000/262144 spectra
Loaded 82000/262144 spectra
Loaded 83000/262144 spectra
Loaded 84000/262144 spectra
Loaded 85000/262144 spectra
Loaded 86000/262144 spectra
Loaded 87000/262144 spectra
Loaded 88000/262144 spectra
Loaded 89000/262144 spectra
Loaded 90000/262144 spectra
Loaded 91000/262144 spectra
Loaded 92000/262144 spectra
Loaded 93000/262144 spectra
Loaded 94000/262144 spectra
Loaded 95000/262144 spectra
Loaded 96000/262144 spectra
Loaded 97000/262144 spectra
Loaded 98000/262144 spectra
Loaded 99000/262144 spectra
Loaded 100000/262144 spectra
Loaded 101000/262144 spectra
Loaded 102000/262144 spectra
Loaded 103000/262144 spectra
Loaded 104000/262144 spectra
Loaded 105000/262144 spectra
Loaded 106000/262144 spectra
Loaded 107000/262144 spectra
Loaded 108000/262144 spectra
Loaded 109000/262144 spectra
Loaded 110000/262144 spectra
Loaded 111000/262144 spectra
Loaded 112000/262144 spectra
Loaded 113000/262144 spectra
Loaded 114000/262144 spectra
Loaded 115000/262144 spectra
Loaded 116000/262144 spectra
Loaded 117000/262144 spectra
Loaded 118000/262144 spectra
Loaded 119000/262144 spectra
Loaded 120000/262144 spectra
Loaded 121000/262144 spectra
Loaded 122000/262144 spectra
Loaded 123000/262144 spectra
Loaded 124000/262144 spectra
Loaded 125000/262144 spectra
Loaded 126000/262144 spectra
Loaded 127000/262144 spectra
Loaded 128000/262144 spectra
Loaded 129000/262144 spectra
Loaded 130000/262144 spectra
Loaded 131000/262144 spectra
Loaded 132000/262144 spectra
Loaded 133000/262144 spectra
Loaded 134000/262144 spectra
Loaded 135000/262144 spectra
Loaded 136000/262144 spectra
Loaded 137000/262144 spectra
Loaded 138000/262144 spectra
Loaded 139000/262144 spectra
Loaded 140000/262144 spectra
Loaded 141000/262144 spectra
Loaded 142000/262144 spectra
Loaded 143000/262144 spectra
Loaded 144000/262144 spectra
Loaded 145000/262144 spectra
Loaded 146000/262144 spectra
Loaded 147000/262144 spectra
Loaded 148000/262144 spectra
Loaded 149000/262144 spectra
Loaded 150000/262144 spectra
Loaded 151000/262144 spectra
Loaded 152000/262144 spectra
Loaded 153000/262144 spectra
Loaded 154000/262144 spectra
Loaded 155000/262144 spectra
Loaded 156000/262144 spectra
Loaded 157000/262144 spectra
Loaded 158000/262144 spectra
Loaded 159000/262144 spectra
Loaded 160000/262144 spectra
Loaded 161000/262144 spectra
Loaded 162000/262144 spectra
Loaded 163000/262144 spectra
Loaded 164000/262144 spectra
Loaded 165000/262144 spectra
Loaded 166000/262144 spectra
Loaded 167000/262144 spectra
Loaded 168000/262144 spectra
Loaded 169000/262144 spectra
Loaded 170000/262144 spectra
Loaded 171000/262144 spectra
Loaded 172000/262144 spectra
Loaded 173000/262144 spectra
Loaded 174000/262144 spectra
Loaded 175000/262144 spectra
Loaded 176000/262144 spectra
Loaded 177000/262144 spectra
Loaded 178000/262144 spectra
Loaded 179000/262144 spectra
Loaded 180000/262144 spectra
Loaded 181000/262144 spectra
Loaded 182000/262144 spectra
Loaded 183000/262144 spectra
Loaded 184000/262144 spectra
Loaded 185000/262144 spectra
Loaded 186000/262144 spectra
Loaded 187000/262144 spectra
Loaded 188000/262144 spectra
Loaded 189000/262144 spectra
Loaded 190000/262144 spectra
Loaded 191000/262144 spectra
Loaded 192000/262144 spectra
Loaded 193000/262144 spectra
Loaded 194000/262144 spectra
Loaded 195000/262144 spectra
Loaded 196000/262144 spectra
Loaded 197000/262144 spectra
Loaded 198000/262144 spectra
Loaded 199000/262144 spectra
Loaded 200000/262144 spectra
Loaded 201000/262144 spectra
Loaded 202000/262144 spectra
Loaded 203000/262144 spectra
Loaded 204000/262144 spectra
Loaded 205000/262144 spectra
Loaded 206000/262144 spectra
Loaded 207000/262144 spectra
Loaded 208000/262144 spectra
Loaded 209000/262144 spectra
Loaded 210000/262144 spectra
Loaded 211000/262144 spectra
Loaded 212000/262144 spectra
Loaded 213000/262144 spectra
Loaded 214000/262144 spectra
Loaded 215000/262144 spectra
Loaded 216000/262144 spectra
Loaded 217000/262144 spectra
Loaded 218000/262144 spectra
Loaded 219000/262144 spectra
Loaded 220000/262144 spectra
Loaded 221000/262144 spectra
Loaded 222000/262144 spectra
Loaded 223000/262144 spectra
Loaded 224000/262144 spectra
Loaded 225000/262144 spectra
Loaded 226000/262144 spectra
Loaded 227000/262144 spectra
Loaded 228000/262144 spectra
Loaded 229000/262144 spectra
Loaded 230000/262144 spectra
Loaded 231000/262144 spectra
Loaded 232000/262144 spectra
Loaded 233000/262144 spectra
Loaded 234000/262144 spectra
Loaded 235000/262144 spectra
Loaded 236000/262144 spectra
Loaded 237000/262144 spectra
Loaded 238000/262144 spectra
Loaded 239000/262144 spectra
Loaded 240000/262144 spectra
Loaded 241000/262144 spectra
Loaded 242000/262144 spectra
Loaded 243000/262144 spectra
Loaded 244000/262144 spectra
Loaded 245000/262144 spectra
Loaded 246000/262144 spectra
Loaded 247000/262144 spectra
Loaded 248000/262144 spectra
Loaded 249000/262144 spectra
Loaded 250000/262144 spectra
Loaded 251000/262144 spectra
Loaded 252000/262144 spectra
Loaded 253000/262144 spectra
Loaded 254000/262144 spectra
Loaded 255000/262144 spectra
Loaded 256000/262144 spectra
Loaded 257000/262144 spectra
Loaded 258000/262144 spectra
Loaded 259000/262144 spectra
Loaded 260000/262144 spectra
Loaded 261000/262144 spectra
Loaded 262000/262144 spectra
Loaded 262144/262144 spectra
Selected TB loaded: (262144, 201)
Input mode: raw spectrum only
Model input array prepared: (262144, 201)
fCNM error floor: OFF
RHI target transform: log(RHI) for training, exp() for evaluation
Input normalization: ON, fitted per velocity channel on train split
Target normalization: ON, fitted on train split (mean fCNM/RHI=[0.0927797  0.05011275], std=[0.172869   0.14508232])
RHI tail loss weighting: OFF
fCNM zero/floor loss weighting: ON (threshold <= 0, weight=3, n=173964)
Using imbalance sampler with 24 occupied joint bins out of 100; min/max bin counts=1/133224
Building TPCNetInspiredCNN with num_layers=3
TPCNetInspiredCNN(
  num_layers=3, channels=[64, 56, 48], kernels=[7, 33, 7]
  (backbone): Sequential(
    (0): Conv1d(1, 64, kernel_size=(7,), stride=(1,), padding=(3,), bias=False)
    (1): BatchNorm1d(64, eps=1e-05, momentum=0.1, affine=True, track_running_stats=True)
    (2): ReLU(inplace=True)
    (3): Conv1d(64, 56, kernel_size=(33,), stride=(1,), padding=(16,), bias=False)
    (4): BatchNorm1d(56, eps=1e-05, momentum=0.1, affine=True, track_running_stats=True)
    (5): ReLU(inplace=True)
    (6): Conv1d(56, 48, kernel_size=(7,), stride=(1,), padding=(3,), bias=False)
    (7): BatchNorm1d(48, eps=1e-05, momentum=0.1, affine=True, track_running_stats=True)
    (8): ReLU(inplace=True)
  )
  (head): Linear(in_features=9648, out_features=2, bias=True)
)
Epoch 001 | train_loss=3.32718 | train_RMSE_fCNM=0.13113 | train_RMSE_RHI=2.40768 | val_loss=1.74257 | val_RMSE_fCNM=0.0782724 | val_RMSE_RHI=0.354854 | test_RMSE_fCNM=0.078097 | test_RMSE_RHI=0.374451 | lr=0.001
Epoch 002 | train_loss=1.13721 | train_RMSE_fCNM=0.084853 | train_RMSE_RHI=1.34299 | val_loss=1.25068 | val_RMSE_fCNM=0.10532 | val_RMSE_RHI=0.300896 | test_RMSE_fCNM=0.105553 | test_RMSE_RHI=0.323387 | lr=0.001
Epoch 003 | train_loss=0.815027 | train_RMSE_fCNM=0.073494 | train_RMSE_RHI=1.12389 | val_loss=1.23373 | val_RMSE_fCNM=0.0769694 | val_RMSE_RHI=0.326084 | test_RMSE_fCNM=0.0768704 | test_RMSE_RHI=0.340685 | lr=0.001
Epoch 004 | train_loss=0.674465 | train_RMSE_fCNM=0.0694474 | train_RMSE_RHI=1.08507 | val_loss=1.15766 | val_RMSE_fCNM=0.115915 | val_RMSE_RHI=0.28795 | test_RMSE_fCNM=0.115979 | test_RMSE_RHI=0.306412 | lr=0.001
Epoch 005 | train_loss=0.579435 | train_RMSE_fCNM=0.0667067 | train_RMSE_RHI=0.959115 | val_loss=0.983152 | val_RMSE_fCNM=0.06078 | val_RMSE_RHI=0.281821 | test_RMSE_fCNM=0.0605095 | test_RMSE_RHI=0.299602 | lr=0.001
Epoch 006 | train_loss=0.567436 | train_RMSE_fCNM=0.0688281 | train_RMSE_RHI=1.07627 | val_loss=0.782289 | val_RMSE_fCNM=0.072637 | val_RMSE_RHI=0.255201 | test_RMSE_fCNM=0.0728264 | test_RMSE_RHI=0.274855 | lr=0.001
Epoch 007 | train_loss=0.477332 | train_RMSE_fCNM=0.0620107 | train_RMSE_RHI=0.948475 | val_loss=0.734957 | val_RMSE_fCNM=0.0687971 | val_RMSE_RHI=0.242868 | test_RMSE_fCNM=0.0681928 | test_RMSE_RHI=0.265731 | lr=0.001
Epoch 008 | train_loss=0.438759 | train_RMSE_fCNM=0.0597812 | train_RMSE_RHI=0.865362 | val_loss=0.725492 | val_RMSE_fCNM=0.0748069 | val_RMSE_RHI=0.24343 | test_RMSE_fCNM=0.0751526 | test_RMSE_RHI=0.264102 | lr=0.001
Epoch 009 | train_loss=0.415763 | train_RMSE_fCNM=0.0587973 | train_RMSE_RHI=0.878246 | val_loss=0.719403 | val_RMSE_fCNM=0.0647523 | val_RMSE_RHI=0.243313 | test_RMSE_fCNM=0.064236 | test_RMSE_RHI=0.261998 | lr=0.001
Epoch 010 | train_loss=0.402117 | train_RMSE_fCNM=0.0581565 | train_RMSE_RHI=0.905465 | val_loss=0.557432 | val_RMSE_fCNM=0.063154 | val_RMSE_RHI=0.222682 | test_RMSE_fCNM=0.0633921 | test_RMSE_RHI=0.250446 | lr=0.001
Epoch 011 | train_loss=0.367449 | train_RMSE_fCNM=0.0561643 | train_RMSE_RHI=0.811769 | val_loss=0.578679 | val_RMSE_fCNM=0.0532644 | val_RMSE_RHI=0.224492 | test_RMSE_fCNM=0.0532983 | test_RMSE_RHI=0.250251 | lr=0.001
Epoch 012 | train_loss=0.34985 | train_RMSE_fCNM=0.0555951 | train_RMSE_RHI=0.783333 | val_loss=0.61929 | val_RMSE_fCNM=0.0569918 | val_RMSE_RHI=0.23494 | test_RMSE_fCNM=0.0570834 | test_RMSE_RHI=0.262913 | lr=0.001
Epoch 013 | train_loss=0.339989 | train_RMSE_fCNM=0.0559581 | train_RMSE_RHI=0.764505 | val_loss=0.50175 | val_RMSE_fCNM=0.0634079 | val_RMSE_RHI=0.213371 | test_RMSE_fCNM=0.0632758 | test_RMSE_RHI=0.23809 | lr=0.001
Epoch 014 | train_loss=0.311782 | train_RMSE_fCNM=0.052554 | train_RMSE_RHI=0.718217 | val_loss=0.475508 | val_RMSE_fCNM=0.0551253 | val_RMSE_RHI=0.211473 | test_RMSE_fCNM=0.055141 | test_RMSE_RHI=0.237167 | lr=0.001
Epoch 015 | train_loss=0.297426 | train_RMSE_fCNM=0.0522321 | train_RMSE_RHI=0.724324 | val_loss=0.539715 | val_RMSE_fCNM=0.0614447 | val_RMSE_RHI=0.220993 | test_RMSE_fCNM=0.061587 | test_RMSE_RHI=0.251132 | lr=0.001
Epoch 016 | train_loss=0.291554 | train_RMSE_fCNM=0.0513327 | train_RMSE_RHI=0.729931 | val_loss=0.468671 | val_RMSE_fCNM=0.0586995 | val_RMSE_RHI=0.211034 | test_RMSE_fCNM=0.0586698 | test_RMSE_RHI=0.237236 | lr=0.001
Epoch 017 | train_loss=0.280423 | train_RMSE_fCNM=0.0506858 | train_RMSE_RHI=0.725829 | val_loss=0.459845 | val_RMSE_fCNM=0.0593931 | val_RMSE_RHI=0.209035 | test_RMSE_fCNM=0.0591068 | test_RMSE_RHI=0.240608 | lr=0.001
Epoch 018 | train_loss=0.269942 | train_RMSE_fCNM=0.0503122 | train_RMSE_RHI=0.696692 | val_loss=0.446081 | val_RMSE_fCNM=0.0580543 | val_RMSE_RHI=0.202884 | test_RMSE_fCNM=0.0584697 | test_RMSE_RHI=0.235955 | lr=0.001
Epoch 019 | train_loss=0.255976 | train_RMSE_fCNM=0.0493054 | train_RMSE_RHI=0.700989 | val_loss=0.472514 | val_RMSE_fCNM=0.0590642 | val_RMSE_RHI=0.214152 | test_RMSE_fCNM=0.0594636 | test_RMSE_RHI=0.245283 | lr=0.001
Epoch 020 | train_loss=0.25235 | train_RMSE_fCNM=0.0492817 | train_RMSE_RHI=0.65896 | val_loss=0.444169 | val_RMSE_fCNM=0.0537531 | val_RMSE_RHI=0.205834 | test_RMSE_fCNM=0.0542061 | test_RMSE_RHI=0.240436 | lr=0.001
Epoch 021 | train_loss=0.236171 | train_RMSE_fCNM=0.0475011 | train_RMSE_RHI=0.650212 | val_loss=0.443907 | val_RMSE_fCNM=0.0525081 | val_RMSE_RHI=0.207779 | test_RMSE_fCNM=0.0522929 | test_RMSE_RHI=0.23811 | lr=0.001
Epoch 022 | train_loss=0.23136 | train_RMSE_fCNM=0.0460091 | train_RMSE_RHI=0.643299 | val_loss=0.425238 | val_RMSE_fCNM=0.0508049 | val_RMSE_RHI=0.203807 | test_RMSE_fCNM=0.0510918 | test_RMSE_RHI=0.23742 | lr=0.001
Epoch 023 | train_loss=0.227033 | train_RMSE_fCNM=0.0472101 | train_RMSE_RHI=0.63867 | val_loss=0.424796 | val_RMSE_fCNM=0.0590667 | val_RMSE_RHI=0.205421 | test_RMSE_fCNM=0.0596448 | test_RMSE_RHI=0.238861 | lr=0.001
Epoch 024 | train_loss=0.220328 | train_RMSE_fCNM=0.0470973 | train_RMSE_RHI=0.636455 | val_loss=0.432186 | val_RMSE_fCNM=0.0601481 | val_RMSE_RHI=0.20686 | test_RMSE_fCNM=0.0603835 | test_RMSE_RHI=0.236341 | lr=0.001
Epoch 025 | train_loss=0.201658 | train_RMSE_fCNM=0.0441439 | train_RMSE_RHI=0.571692 | val_loss=0.373719 | val_RMSE_fCNM=0.0512853 | val_RMSE_RHI=0.20049 | test_RMSE_fCNM=0.0516503 | test_RMSE_RHI=0.232824 | lr=0.001
Epoch 026 | train_loss=0.204805 | train_RMSE_fCNM=0.0451504 | train_RMSE_RHI=0.587342 | val_loss=0.366665 | val_RMSE_fCNM=0.0471121 | val_RMSE_RHI=0.197769 | test_RMSE_fCNM=0.0474681 | test_RMSE_RHI=0.231656 | lr=0.001
Epoch 027 | train_loss=0.204687 | train_RMSE_fCNM=0.044957 | train_RMSE_RHI=0.634642 | val_loss=0.368413 | val_RMSE_fCNM=0.0499367 | val_RMSE_RHI=0.197528 | test_RMSE_fCNM=0.050518 | test_RMSE_RHI=0.232308 | lr=0.001
Epoch 028 | train_loss=0.196336 | train_RMSE_fCNM=0.0448406 | train_RMSE_RHI=0.614607 | val_loss=0.368094 | val_RMSE_fCNM=0.0548536 | val_RMSE_RHI=0.198997 | test_RMSE_fCNM=0.055223 | test_RMSE_RHI=0.231983 | lr=0.001
Epoch 029 | train_loss=0.193092 | train_RMSE_fCNM=0.0442586 | train_RMSE_RHI=0.590297 | val_loss=0.372755 | val_RMSE_fCNM=0.0511799 | val_RMSE_RHI=0.198833 | test_RMSE_fCNM=0.0514902 | test_RMSE_RHI=0.233654 | lr=0.001
Epoch 030 | train_loss=0.189801 | train_RMSE_fCNM=0.0437219 | train_RMSE_RHI=0.586171 | val_loss=0.361979 | val_RMSE_fCNM=0.052392 | val_RMSE_RHI=0.196684 | test_RMSE_fCNM=0.0526674 | test_RMSE_RHI=0.231223 | lr=0.001
Epoch 031 | train_loss=0.180221 | train_RMSE_fCNM=0.0428714 | train_RMSE_RHI=0.548372 | val_loss=0.397031 | val_RMSE_fCNM=0.0600147 | val_RMSE_RHI=0.200158 | test_RMSE_fCNM=0.0605883 | test_RMSE_RHI=0.234851 | lr=0.001
Epoch 032 | train_loss=0.182617 | train_RMSE_fCNM=0.0438435 | train_RMSE_RHI=0.567067 | val_loss=0.355533 | val_RMSE_fCNM=0.051023 | val_RMSE_RHI=0.197143 | test_RMSE_fCNM=0.051311 | test_RMSE_RHI=0.2317 | lr=0.001
Epoch 033 | train_loss=0.169668 | train_RMSE_fCNM=0.0421532 | train_RMSE_RHI=0.530996 | val_loss=0.353069 | val_RMSE_fCNM=0.0509897 | val_RMSE_RHI=0.196048 | test_RMSE_fCNM=0.0514915 | test_RMSE_RHI=0.234594 | lr=0.001
Epoch 034 | train_loss=0.168914 | train_RMSE_fCNM=0.0417032 | train_RMSE_RHI=0.549869 | val_loss=0.379237 | val_RMSE_fCNM=0.0574859 | val_RMSE_RHI=0.200723 | test_RMSE_fCNM=0.0579069 | test_RMSE_RHI=0.234963 | lr=0.001
Epoch 035 | train_loss=0.161566 | train_RMSE_fCNM=0.0410551 | train_RMSE_RHI=0.510058 | val_loss=0.332408 | val_RMSE_fCNM=0.045742 | val_RMSE_RHI=0.19414 | test_RMSE_fCNM=0.0463173 | test_RMSE_RHI=0.232709 | lr=0.001
Epoch 036 | train_loss=0.170728 | train_RMSE_fCNM=0.0420668 | train_RMSE_RHI=0.580756 | val_loss=0.391561 | val_RMSE_fCNM=0.0604349 | val_RMSE_RHI=0.201795 | test_RMSE_fCNM=0.0604441 | test_RMSE_RHI=0.236064 | lr=0.001
Epoch 037 | train_loss=0.155687 | train_RMSE_fCNM=0.0409159 | train_RMSE_RHI=0.494033 | val_loss=0.336008 | val_RMSE_fCNM=0.04848 | val_RMSE_RHI=0.193033 | test_RMSE_fCNM=0.0488975 | test_RMSE_RHI=0.229924 | lr=0.001
Epoch 038 | train_loss=0.155724 | train_RMSE_fCNM=0.0411255 | train_RMSE_RHI=0.537498 | val_loss=0.317696 | val_RMSE_fCNM=0.049997 | val_RMSE_RHI=0.192575 | test_RMSE_fCNM=0.0503992 | test_RMSE_RHI=0.230977 | lr=0.001
Epoch 039 | train_loss=0.158124 | train_RMSE_fCNM=0.0414275 | train_RMSE_RHI=0.521967 | val_loss=0.306557 | val_RMSE_fCNM=0.0467134 | val_RMSE_RHI=0.190459 | test_RMSE_fCNM=0.0471228 | test_RMSE_RHI=0.228587 | lr=0.001
Epoch 040 | train_loss=0.144194 | train_RMSE_fCNM=0.0396499 | train_RMSE_RHI=0.449644 | val_loss=0.313771 | val_RMSE_fCNM=0.0502016 | val_RMSE_RHI=0.188685 | test_RMSE_fCNM=0.0506542 | test_RMSE_RHI=0.22838 | lr=0.001
Epoch 041 | train_loss=0.150831 | train_RMSE_fCNM=0.0398422 | train_RMSE_RHI=0.529989 | val_loss=0.353091 | val_RMSE_fCNM=0.046521 | val_RMSE_RHI=0.197659 | test_RMSE_fCNM=0.0468023 | test_RMSE_RHI=0.233942 | lr=0.001
Epoch 042 | train_loss=0.138395 | train_RMSE_fCNM=0.0392869 | train_RMSE_RHI=0.456482 | val_loss=0.310919 | val_RMSE_fCNM=0.0502335 | val_RMSE_RHI=0.19171 | test_RMSE_fCNM=0.0502115 | test_RMSE_RHI=0.22857 | lr=0.001
Epoch 043 | train_loss=0.148826 | train_RMSE_fCNM=0.0409199 | train_RMSE_RHI=0.51127 | val_loss=0.330688 | val_RMSE_fCNM=0.0468567 | val_RMSE_RHI=0.192839 | test_RMSE_fCNM=0.0472084 | test_RMSE_RHI=0.23229 | lr=0.001
Epoch 044 | train_loss=0.136019 | train_RMSE_fCNM=0.0384286 | train_RMSE_RHI=0.458733 | val_loss=0.31999 | val_RMSE_fCNM=0.0468773 | val_RMSE_RHI=0.192101 | test_RMSE_fCNM=0.0472161 | test_RMSE_RHI=0.231439 | lr=0.001
Epoch 045 | train_loss=0.142958 | train_RMSE_fCNM=0.0396571 | train_RMSE_RHI=0.499515 | val_loss=0.314402 | val_RMSE_fCNM=0.0520934 | val_RMSE_RHI=0.191373 | test_RMSE_fCNM=0.0520761 | test_RMSE_RHI=0.229437 | lr=0.0005
Epoch 046 | train_loss=0.103546 | train_RMSE_fCNM=0.0344728 | train_RMSE_RHI=0.3232 | val_loss=0.283952 | val_RMSE_fCNM=0.046028 | val_RMSE_RHI=0.187677 | test_RMSE_fCNM=0.0466053 | test_RMSE_RHI=0.228801 | lr=0.0005
Epoch 047 | train_loss=0.102376 | train_RMSE_fCNM=0.0345037 | train_RMSE_RHI=0.356166 | val_loss=0.292128 | val_RMSE_fCNM=0.0452344 | val_RMSE_RHI=0.189472 | test_RMSE_fCNM=0.045487 | test_RMSE_RHI=0.227819 | lr=0.0005
Epoch 048 | train_loss=0.0991737 | train_RMSE_fCNM=0.0339086 | train_RMSE_RHI=0.341471 | val_loss=0.296279 | val_RMSE_fCNM=0.0483167 | val_RMSE_RHI=0.19014 | test_RMSE_fCNM=0.0487911 | test_RMSE_RHI=0.23032 | lr=0.0005
Epoch 049 | train_loss=0.10378 | train_RMSE_fCNM=0.0345682 | train_RMSE_RHI=0.387692 | val_loss=0.2948 | val_RMSE_fCNM=0.0458956 | val_RMSE_RHI=0.190115 | test_RMSE_fCNM=0.0464426 | test_RMSE_RHI=0.229381 | lr=0.0005
Epoch 050 | train_loss=0.0998766 | train_RMSE_fCNM=0.0342237 | train_RMSE_RHI=0.347772 | val_loss=0.294572 | val_RMSE_fCNM=0.0462687 | val_RMSE_RHI=0.189233 | test_RMSE_fCNM=0.0466383 | test_RMSE_RHI=0.229348 | lr=0.0005
Epoch 051 | train_loss=0.100421 | train_RMSE_fCNM=0.0344107 | train_RMSE_RHI=0.358735 | val_loss=0.280032 | val_RMSE_fCNM=0.0458915 | val_RMSE_RHI=0.187514 | test_RMSE_fCNM=0.0463438 | test_RMSE_RHI=0.228357 | lr=0.0005
Epoch 052 | train_loss=0.0977511 | train_RMSE_fCNM=0.0341437 | train_RMSE_RHI=0.343316 | val_loss=0.29217 | val_RMSE_fCNM=0.0453651 | val_RMSE_RHI=0.18837 | test_RMSE_fCNM=0.0458481 | test_RMSE_RHI=0.229836 | lr=0.0005
Epoch 053 | train_loss=0.0941541 | train_RMSE_fCNM=0.0332845 | train_RMSE_RHI=0.333867 | val_loss=0.281329 | val_RMSE_fCNM=0.0457074 | val_RMSE_RHI=0.188478 | test_RMSE_fCNM=0.0461187 | test_RMSE_RHI=0.229285 | lr=0.0005
Epoch 054 | train_loss=0.0949234 | train_RMSE_fCNM=0.0335825 | train_RMSE_RHI=0.348246 | val_loss=0.287364 | val_RMSE_fCNM=0.0458465 | val_RMSE_RHI=0.188508 | test_RMSE_fCNM=0.0464731 | test_RMSE_RHI=0.229242 | lr=0.0005
Epoch 055 | train_loss=0.0950353 | train_RMSE_fCNM=0.0340786 | train_RMSE_RHI=0.338757 | val_loss=0.275191 | val_RMSE_fCNM=0.0440432 | val_RMSE_RHI=0.187326 | test_RMSE_fCNM=0.0446625 | test_RMSE_RHI=0.231455 | lr=0.0005
Epoch 056 | train_loss=0.0950396 | train_RMSE_fCNM=0.0336442 | train_RMSE_RHI=0.335704 | val_loss=0.281496 | val_RMSE_fCNM=0.0444593 | val_RMSE_RHI=0.187422 | test_RMSE_fCNM=0.0452166 | test_RMSE_RHI=0.230039 | lr=0.0005
Epoch 057 | train_loss=0.0938897 | train_RMSE_fCNM=0.033878 | train_RMSE_RHI=0.349402 | val_loss=0.292022 | val_RMSE_fCNM=0.044748 | val_RMSE_RHI=0.188799 | test_RMSE_fCNM=0.0451886 | test_RMSE_RHI=0.230989 | lr=0.0005
Epoch 058 | train_loss=0.0922898 | train_RMSE_fCNM=0.0333901 | train_RMSE_RHI=0.345387 | val_loss=0.276665 | val_RMSE_fCNM=0.0442102 | val_RMSE_RHI=0.187229 | test_RMSE_fCNM=0.0445635 | test_RMSE_RHI=0.229241 | lr=0.0005
Epoch 059 | train_loss=0.0901486 | train_RMSE_fCNM=0.0331402 | train_RMSE_RHI=0.32114 | val_loss=0.27016 | val_RMSE_fCNM=0.044838 | val_RMSE_RHI=0.187047 | test_RMSE_fCNM=0.0453451 | test_RMSE_RHI=0.228505 | lr=0.0005
Epoch 060 | train_loss=0.0904654 | train_RMSE_fCNM=0.0333608 | train_RMSE_RHI=0.340514 | val_loss=0.269062 | val_RMSE_fCNM=0.0433797 | val_RMSE_RHI=0.186736 | test_RMSE_fCNM=0.0438311 | test_RMSE_RHI=0.229144 | lr=0.0005
Epoch 061 | train_loss=0.0900982 | train_RMSE_fCNM=0.0331757 | train_RMSE_RHI=0.348298 | val_loss=0.277891 | val_RMSE_fCNM=0.0441044 | val_RMSE_RHI=0.188244 | test_RMSE_fCNM=0.0443508 | test_RMSE_RHI=0.228389 | lr=0.0005
Epoch 062 | train_loss=0.0879405 | train_RMSE_fCNM=0.0328991 | train_RMSE_RHI=0.340014 | val_loss=0.268008 | val_RMSE_fCNM=0.0445035 | val_RMSE_RHI=0.185762 | test_RMSE_fCNM=0.0448608 | test_RMSE_RHI=0.227827 | lr=0.0005
Epoch 063 | train_loss=0.0867603 | train_RMSE_fCNM=0.0326924 | train_RMSE_RHI=0.305336 | val_loss=0.27981 | val_RMSE_fCNM=0.0512765 | val_RMSE_RHI=0.186958 | test_RMSE_fCNM=0.0516919 | test_RMSE_RHI=0.229127 | lr=0.0005
Epoch 064 | train_loss=0.0890422 | train_RMSE_fCNM=0.0331965 | train_RMSE_RHI=0.328205 | val_loss=0.272189 | val_RMSE_fCNM=0.0460017 | val_RMSE_RHI=0.18655 | test_RMSE_fCNM=0.0465144 | test_RMSE_RHI=0.228773 | lr=0.0005
Epoch 065 | train_loss=0.0864802 | train_RMSE_fCNM=0.0325389 | train_RMSE_RHI=0.323108 | val_loss=0.262103 | val_RMSE_fCNM=0.0446891 | val_RMSE_RHI=0.185121 | test_RMSE_fCNM=0.0452584 | test_RMSE_RHI=0.227867 | lr=0.0005
Epoch 066 | train_loss=0.0841676 | train_RMSE_fCNM=0.0324133 | train_RMSE_RHI=0.305753 | val_loss=0.271278 | val_RMSE_fCNM=0.0471982 | val_RMSE_RHI=0.186089 | test_RMSE_fCNM=0.0476208 | test_RMSE_RHI=0.228527 | lr=0.0005
Epoch 067 | train_loss=0.0862361 | train_RMSE_fCNM=0.0324758 | train_RMSE_RHI=0.352671 | val_loss=0.267278 | val_RMSE_fCNM=0.0473852 | val_RMSE_RHI=0.185664 | test_RMSE_fCNM=0.0479181 | test_RMSE_RHI=0.228328 | lr=0.0005
Epoch 068 | train_loss=0.0874422 | train_RMSE_fCNM=0.0328211 | train_RMSE_RHI=0.339222 | val_loss=0.2625 | val_RMSE_fCNM=0.0445562 | val_RMSE_RHI=0.185619 | test_RMSE_fCNM=0.0451166 | test_RMSE_RHI=0.228167 | lr=0.0005
Epoch 069 | train_loss=0.0816088 | train_RMSE_fCNM=0.0318034 | train_RMSE_RHI=0.329209 | val_loss=0.261736 | val_RMSE_fCNM=0.0444321 | val_RMSE_RHI=0.185339 | test_RMSE_fCNM=0.045004 | test_RMSE_RHI=0.22771 | lr=0.0005
Epoch 070 | train_loss=0.0845902 | train_RMSE_fCNM=0.0323928 | train_RMSE_RHI=0.332158 | val_loss=0.261828 | val_RMSE_fCNM=0.0461252 | val_RMSE_RHI=0.185694 | test_RMSE_fCNM=0.0463654 | test_RMSE_RHI=0.228775 | lr=0.0005
Epoch 071 | train_loss=0.0819663 | train_RMSE_fCNM=0.0321526 | train_RMSE_RHI=0.327619 | val_loss=0.265052 | val_RMSE_fCNM=0.0437833 | val_RMSE_RHI=0.185764 | test_RMSE_fCNM=0.0443006 | test_RMSE_RHI=0.227782 | lr=0.0005
Epoch 072 | train_loss=0.0818436 | train_RMSE_fCNM=0.0319605 | train_RMSE_RHI=0.323012 | val_loss=0.264886 | val_RMSE_fCNM=0.0446931 | val_RMSE_RHI=0.186121 | test_RMSE_fCNM=0.0450461 | test_RMSE_RHI=0.229202 | lr=0.0005
Epoch 073 | train_loss=0.081164 | train_RMSE_fCNM=0.0319467 | train_RMSE_RHI=0.302308 | val_loss=0.262611 | val_RMSE_fCNM=0.0443456 | val_RMSE_RHI=0.185578 | test_RMSE_fCNM=0.0447602 | test_RMSE_RHI=0.228614 | lr=0.0005
Epoch 074 | train_loss=0.0804946 | train_RMSE_fCNM=0.0319383 | train_RMSE_RHI=0.321993 | val_loss=0.288628 | val_RMSE_fCNM=0.0461126 | val_RMSE_RHI=0.189131 | test_RMSE_fCNM=0.0466281 | test_RMSE_RHI=0.231147 | lr=0.0005
Epoch 075 | train_loss=0.0829977 | train_RMSE_fCNM=0.0328375 | train_RMSE_RHI=0.33821 | val_loss=0.259407 | val_RMSE_fCNM=0.0433003 | val_RMSE_RHI=0.185568 | test_RMSE_fCNM=0.0437166 | test_RMSE_RHI=0.228157 | lr=0.0005
Epoch 076 | train_loss=0.0787232 | train_RMSE_fCNM=0.0316663 | train_RMSE_RHI=0.304546 | val_loss=0.253712 | val_RMSE_fCNM=0.044181 | val_RMSE_RHI=0.184044 | test_RMSE_fCNM=0.0446814 | test_RMSE_RHI=0.229302 | lr=0.0005
Epoch 077 | train_loss=0.0810391 | train_RMSE_fCNM=0.0323009 | train_RMSE_RHI=0.320783 | val_loss=0.264529 | val_RMSE_fCNM=0.0433697 | val_RMSE_RHI=0.185646 | test_RMSE_fCNM=0.0436999 | test_RMSE_RHI=0.229855 | lr=0.0005
Epoch 078 | train_loss=0.0814082 | train_RMSE_fCNM=0.0321191 | train_RMSE_RHI=0.343699 | val_loss=0.262173 | val_RMSE_fCNM=0.0447194 | val_RMSE_RHI=0.185847 | test_RMSE_fCNM=0.0450808 | test_RMSE_RHI=0.228849 | lr=0.0005
Epoch 079 | train_loss=0.0781303 | train_RMSE_fCNM=0.0315598 | train_RMSE_RHI=0.318466 | val_loss=0.261885 | val_RMSE_fCNM=0.0428958 | val_RMSE_RHI=0.186108 | test_RMSE_fCNM=0.0431909 | test_RMSE_RHI=0.228418 | lr=0.0005
Epoch 080 | train_loss=0.0775338 | train_RMSE_fCNM=0.0313996 | train_RMSE_RHI=0.311884 | val_loss=0.263528 | val_RMSE_fCNM=0.0469971 | val_RMSE_RHI=0.18551 | test_RMSE_fCNM=0.0472826 | test_RMSE_RHI=0.229099 | lr=0.0005
Epoch 081 | train_loss=0.0786204 | train_RMSE_fCNM=0.0319005 | train_RMSE_RHI=0.30861 | val_loss=0.253815 | val_RMSE_fCNM=0.0441678 | val_RMSE_RHI=0.185135 | test_RMSE_fCNM=0.0444191 | test_RMSE_RHI=0.229097 | lr=0.0005
Epoch 082 | train_loss=0.0774474 | train_RMSE_fCNM=0.0315392 | train_RMSE_RHI=0.328984 | val_loss=0.263098 | val_RMSE_fCNM=0.0441783 | val_RMSE_RHI=0.186123 | test_RMSE_fCNM=0.0446347 | test_RMSE_RHI=0.228854 | lr=0.00025
Epoch 083 | train_loss=0.0644166 | train_RMSE_fCNM=0.0294845 | train_RMSE_RHI=0.239748 | val_loss=0.265998 | val_RMSE_fCNM=0.0462647 | val_RMSE_RHI=0.18602 | test_RMSE_fCNM=0.046549 | test_RMSE_RHI=0.229032 | lr=0.00025
Epoch 084 | train_loss=0.0647085 | train_RMSE_fCNM=0.0293773 | train_RMSE_RHI=0.26124 | val_loss=0.248807 | val_RMSE_fCNM=0.0435502 | val_RMSE_RHI=0.184149 | test_RMSE_fCNM=0.0438662 | test_RMSE_RHI=0.228812 | lr=0.00025
Epoch 085 | train_loss=0.0618672 | train_RMSE_fCNM=0.0291856 | train_RMSE_RHI=0.228899 | val_loss=0.251322 | val_RMSE_fCNM=0.0425507 | val_RMSE_RHI=0.183997 | test_RMSE_fCNM=0.0428969 | test_RMSE_RHI=0.22935 | lr=0.00025
Epoch 086 | train_loss=0.0623566 | train_RMSE_fCNM=0.0291314 | train_RMSE_RHI=0.241962 | val_loss=0.249317 | val_RMSE_fCNM=0.0427369 | val_RMSE_RHI=0.184289 | test_RMSE_fCNM=0.0429927 | test_RMSE_RHI=0.227811 | lr=0.00025
Epoch 087 | train_loss=0.0636114 | train_RMSE_fCNM=0.029392 | train_RMSE_RHI=0.228263 | val_loss=0.251673 | val_RMSE_fCNM=0.0434501 | val_RMSE_RHI=0.184718 | test_RMSE_fCNM=0.0437943 | test_RMSE_RHI=0.229859 | lr=0.00025
Epoch 088 | train_loss=0.0627561 | train_RMSE_fCNM=0.0290772 | train_RMSE_RHI=0.25141 | val_loss=0.242357 | val_RMSE_fCNM=0.0424908 | val_RMSE_RHI=0.183593 | test_RMSE_fCNM=0.0428105 | test_RMSE_RHI=0.227945 | lr=0.00025
Epoch 089 | train_loss=0.062313 | train_RMSE_fCNM=0.0291818 | train_RMSE_RHI=0.23049 | val_loss=0.247567 | val_RMSE_fCNM=0.0439895 | val_RMSE_RHI=0.184057 | test_RMSE_fCNM=0.044199 | test_RMSE_RHI=0.229018 | lr=0.00025
Epoch 090 | train_loss=0.0604144 | train_RMSE_fCNM=0.0287464 | train_RMSE_RHI=0.233439 | val_loss=0.257851 | val_RMSE_fCNM=0.0462218 | val_RMSE_RHI=0.185145 | test_RMSE_fCNM=0.0465889 | test_RMSE_RHI=0.228874 | lr=0.00025
Epoch 091 | train_loss=0.061332 | train_RMSE_fCNM=0.0290236 | train_RMSE_RHI=0.251879 | val_loss=0.24158 | val_RMSE_fCNM=0.0428146 | val_RMSE_RHI=0.183595 | test_RMSE_fCNM=0.0431838 | test_RMSE_RHI=0.228426 | lr=0.00025
Epoch 092 | train_loss=0.0619189 | train_RMSE_fCNM=0.0291497 | train_RMSE_RHI=0.235235 | val_loss=0.240916 | val_RMSE_fCNM=0.042363 | val_RMSE_RHI=0.183347 | test_RMSE_fCNM=0.0427725 | test_RMSE_RHI=0.228143 | lr=0.00025
Epoch 093 | train_loss=0.0614734 | train_RMSE_fCNM=0.0291415 | train_RMSE_RHI=0.248261 | val_loss=0.244367 | val_RMSE_fCNM=0.0428296 | val_RMSE_RHI=0.184331 | test_RMSE_fCNM=0.0431348 | test_RMSE_RHI=0.228564 | lr=0.00025
Epoch 094 | train_loss=0.0605925 | train_RMSE_fCNM=0.0289785 | train_RMSE_RHI=0.238086 | val_loss=0.242447 | val_RMSE_fCNM=0.0418917 | val_RMSE_RHI=0.183821 | test_RMSE_fCNM=0.0421434 | test_RMSE_RHI=0.22934 | lr=0.00025
Epoch 095 | train_loss=0.0600306 | train_RMSE_fCNM=0.0288744 | train_RMSE_RHI=0.231324 | val_loss=0.246466 | val_RMSE_fCNM=0.0440742 | val_RMSE_RHI=0.184401 | test_RMSE_fCNM=0.0443661 | test_RMSE_RHI=0.228852 | lr=0.00025
Epoch 096 | train_loss=0.0591243 | train_RMSE_fCNM=0.028852 | train_RMSE_RHI=0.223936 | val_loss=0.248417 | val_RMSE_fCNM=0.0420863 | val_RMSE_RHI=0.184416 | test_RMSE_fCNM=0.042346 | test_RMSE_RHI=0.229524 | lr=0.00025
Epoch 097 | train_loss=0.0596002 | train_RMSE_fCNM=0.028521 | train_RMSE_RHI=0.226801 | val_loss=0.245243 | val_RMSE_fCNM=0.0443371 | val_RMSE_RHI=0.184171 | test_RMSE_fCNM=0.0446133 | test_RMSE_RHI=0.227878 | lr=0.00025
Epoch 098 | train_loss=0.0609487 | train_RMSE_fCNM=0.0291108 | train_RMSE_RHI=0.244894 | val_loss=0.245228 | val_RMSE_fCNM=0.0443762 | val_RMSE_RHI=0.184169 | test_RMSE_fCNM=0.0446911 | test_RMSE_RHI=0.228943 | lr=0.000125
Epoch 099 | train_loss=0.0543371 | train_RMSE_fCNM=0.0278531 | train_RMSE_RHI=0.186249 | val_loss=0.244681 | val_RMSE_fCNM=0.0435786 | val_RMSE_RHI=0.183815 | test_RMSE_fCNM=0.0438678 | test_RMSE_RHI=0.229312 | lr=0.000125
Epoch 100 | train_loss=0.0531147 | train_RMSE_fCNM=0.027491 | train_RMSE_RHI=0.188804 | val_loss=0.238565 | val_RMSE_fCNM=0.042235 | val_RMSE_RHI=0.183037 | test_RMSE_fCNM=0.0425019 | test_RMSE_RHI=0.227825 | lr=0.000125

Test RMSE fCNM: 0.0425018
Test RMSE RHI : 0.227825
Test MAE  fCNM: 0.0229686
Test MAE  RHI : 0.0697802

Prediction diagnostics
  fCNM truth: min=7.45058e-09, max=0.9707, mean=0.091333
  fCNM pred : min=0, max=1, mean=0.0995304
  RHI truth: min=0.995655, max=25.905, mean=1.0675
  RHI pred : min=0.603046, max=7.75289, mean=1.06754

Summary
  device: cuda
  CNN layers: 3/8
  subset size: 262144
  train/val/test: 183501/39322/39321
  best validation loss: 0.238565
  final test RMSE fCNM: 0.0425018
  final test RMSE RHI : 0.227825
  sampled indices CSV: /mnt/c/Users/retar/Desktop/research/ML/ML_MW/results/layer_sweep_full_layers3/sampled_indices_layers3.csv
  split indices CSV: /mnt/c/Users/retar/Desktop/research/ML/ML_MW/results/layer_sweep_full_layers3/split_indices_layers3.csv
  training metrics CSV: /mnt/c/Users/retar/Desktop/research/ML/ML_MW/results/layer_sweep_full_layers3/training_metrics_layers3.csv
  prediction CSV: /mnt/c/Users/retar/Desktop/research/ML/ML_MW/results/layer_sweep_full_layers3/test_predictions_layers3.csv
  figures:
    /mnt/c/Users/retar/Desktop/research/ML/ML_MW/figs/layer_sweep_full_layers3/true_vs_pred_fcnm_layers3.png
    /mnt/c/Users/retar/Desktop/research/ML/ML_MW/figs/layer_sweep_full_layers3/true_vs_pred_rhi_layers3.png
    /mnt/c/Users/retar/Desktop/research/ML/ML_MW/figs/layer_sweep_full_layers3/true_vs_pred_combined_layers3.png
    /mnt/c/Users/retar/Desktop/research/ML/ML_MW/figs/layer_sweep_full_layers3/true_vs_pred_rhi_log_layers3.png

============================================================
Starting layer count: 4
============================================================
Using device: cuda
Selected CNN depth: 4/8 convolutional layers
Reading targets from: /mnt/c/Users/retar/Desktop/research/ML/data/MW/fcnm_RHI_z.fits
Listing spectra in: /mnt/c/Users/retar/Desktop/research/ML/data/MW/syn_HI_spec_z
Found 262144 spectra files
Mapped spectra filenames to flattened FITS target indices using target shape (512, 512)

Split sizes: train=183501, val=39322, test=39321

Target summary: selected subset (n=262144)
  fCNM: min=0, p05=0, median=0, mean=0.092244, std=0.17233, p95=0.50071, max=0.9707
  RHI : min=0.99561, p05=0.99786, median=1.0111, mean=1.0671, std=0.30218, p95=1.2818, max=38.421

Target summary: train (n=183501)
  fCNM: min=0, p05=0, median=0, mean=0.09278, std=0.17286, p95=0.50325, max=0.94901
  RHI : min=0.99561, p05=0.99786, median=1.0111, mean=1.0674, std=0.30349, p95=1.2836, max=38.421

Target summary: validation (n=39322)
  fCNM: min=0, p05=0, median=0, mean=0.090652, std=0.17093, p95=0.49569, max=0.92045
  RHI : min=0.99564, p05=0.99787, median=1.011, mean=1.0654, std=0.27205, p95=1.2814, max=12.44

Target summary: test (n=39321)
  fCNM: min=0, p05=0, median=0, mean=0.091333, std=0.17123, p95=0.49519, max=0.9707
  RHI : min=0.99566, p05=0.99785, median=1.011, mean=1.0675, std=0.32391, p95=1.2742, max=25.905

Reading only selected subset spectra: 262144 files, tb_column=3
Inferred spectrum length: 201 channels
Loaded 1/262144 spectra
Loaded 1000/262144 spectra
Loaded 2000/262144 spectra
Loaded 3000/262144 spectra
Loaded 4000/262144 spectra
Loaded 5000/262144 spectra
Loaded 6000/262144 spectra
Loaded 7000/262144 spectra
Loaded 8000/262144 spectra
Loaded 9000/262144 spectra
Loaded 10000/262144 spectra
Loaded 11000/262144 spectra
Loaded 12000/262144 spectra
Loaded 13000/262144 spectra
Loaded 14000/262144 spectra
Loaded 15000/262144 spectra
Loaded 16000/262144 spectra
Loaded 17000/262144 spectra
Loaded 18000/262144 spectra
Loaded 19000/262144 spectra
Loaded 20000/262144 spectra
Loaded 21000/262144 spectra
Loaded 22000/262144 spectra
Loaded 23000/262144 spectra
Loaded 24000/262144 spectra
Loaded 25000/262144 spectra
Loaded 26000/262144 spectra
Loaded 27000/262144 spectra
Loaded 28000/262144 spectra
Loaded 29000/262144 spectra
Loaded 30000/262144 spectra
Loaded 31000/262144 spectra
Loaded 32000/262144 spectra
Loaded 33000/262144 spectra
Loaded 34000/262144 spectra
Loaded 35000/262144 spectra
Loaded 36000/262144 spectra
Loaded 37000/262144 spectra
Loaded 38000/262144 spectra
Loaded 39000/262144 spectra
Loaded 40000/262144 spectra
Loaded 41000/262144 spectra
Loaded 42000/262144 spectra
Loaded 43000/262144 spectra
Loaded 44000/262144 spectra
Loaded 45000/262144 spectra
Loaded 46000/262144 spectra
Loaded 47000/262144 spectra
Loaded 48000/262144 spectra
Loaded 49000/262144 spectra
Loaded 50000/262144 spectra
Loaded 51000/262144 spectra
Loaded 52000/262144 spectra
Loaded 53000/262144 spectra
Loaded 54000/262144 spectra
Loaded 55000/262144 spectra
Loaded 56000/262144 spectra
Loaded 57000/262144 spectra
Loaded 58000/262144 spectra
Loaded 59000/262144 spectra
Loaded 60000/262144 spectra
Loaded 61000/262144 spectra
Loaded 62000/262144 spectra
Loaded 63000/262144 spectra
Loaded 64000/262144 spectra
Loaded 65000/262144 spectra
Loaded 66000/262144 spectra
Loaded 67000/262144 spectra
Loaded 68000/262144 spectra
Loaded 69000/262144 spectra
Loaded 70000/262144 spectra
Loaded 71000/262144 spectra
Loaded 72000/262144 spectra
Loaded 73000/262144 spectra
Loaded 74000/262144 spectra
Loaded 75000/262144 spectra
Loaded 76000/262144 spectra
Loaded 77000/262144 spectra
Loaded 78000/262144 spectra
Loaded 79000/262144 spectra
Loaded 80000/262144 spectra
Loaded 81000/262144 spectra
Loaded 82000/262144 spectra
Loaded 83000/262144 spectra
Loaded 84000/262144 spectra
Loaded 85000/262144 spectra
Loaded 86000/262144 spectra
Loaded 87000/262144 spectra
Loaded 88000/262144 spectra
Loaded 89000/262144 spectra
Loaded 90000/262144 spectra
Loaded 91000/262144 spectra
Loaded 92000/262144 spectra
Loaded 93000/262144 spectra
Loaded 94000/262144 spectra
Loaded 95000/262144 spectra
Loaded 96000/262144 spectra
Loaded 97000/262144 spectra
Loaded 98000/262144 spectra
Loaded 99000/262144 spectra
Loaded 100000/262144 spectra
Loaded 101000/262144 spectra
Loaded 102000/262144 spectra
Loaded 103000/262144 spectra
Loaded 104000/262144 spectra
Loaded 105000/262144 spectra
Loaded 106000/262144 spectra
Loaded 107000/262144 spectra
Loaded 108000/262144 spectra
Loaded 109000/262144 spectra
Loaded 110000/262144 spectra
Loaded 111000/262144 spectra
Loaded 112000/262144 spectra
Loaded 113000/262144 spectra
Loaded 114000/262144 spectra
Loaded 115000/262144 spectra
Loaded 116000/262144 spectra
Loaded 117000/262144 spectra
Loaded 118000/262144 spectra
Loaded 119000/262144 spectra
Loaded 120000/262144 spectra
Loaded 121000/262144 spectra
Loaded 122000/262144 spectra
Loaded 123000/262144 spectra
Loaded 124000/262144 spectra
Loaded 125000/262144 spectra
Loaded 126000/262144 spectra
Loaded 127000/262144 spectra
Loaded 128000/262144 spectra
Loaded 129000/262144 spectra
Loaded 130000/262144 spectra
Loaded 131000/262144 spectra
Loaded 132000/262144 spectra
Loaded 133000/262144 spectra
Loaded 134000/262144 spectra
Loaded 135000/262144 spectra
Loaded 136000/262144 spectra
Loaded 137000/262144 spectra
Loaded 138000/262144 spectra
Loaded 139000/262144 spectra
Loaded 140000/262144 spectra
Loaded 141000/262144 spectra
Loaded 142000/262144 spectra
Loaded 143000/262144 spectra
Loaded 144000/262144 spectra
Loaded 145000/262144 spectra
Loaded 146000/262144 spectra
Loaded 147000/262144 spectra
Loaded 148000/262144 spectra
Loaded 149000/262144 spectra
Loaded 150000/262144 spectra
Loaded 151000/262144 spectra
Loaded 152000/262144 spectra
Loaded 153000/262144 spectra
Loaded 154000/262144 spectra
Loaded 155000/262144 spectra
Loaded 156000/262144 spectra
Loaded 157000/262144 spectra
Loaded 158000/262144 spectra
Loaded 159000/262144 spectra
Loaded 160000/262144 spectra
Loaded 161000/262144 spectra
Loaded 162000/262144 spectra
Loaded 163000/262144 spectra
Loaded 164000/262144 spectra
Loaded 165000/262144 spectra
Loaded 166000/262144 spectra
Loaded 167000/262144 spectra
Loaded 168000/262144 spectra
Loaded 169000/262144 spectra
Loaded 170000/262144 spectra
Loaded 171000/262144 spectra
Loaded 172000/262144 spectra
Loaded 173000/262144 spectra
Loaded 174000/262144 spectra
Loaded 175000/262144 spectra
Loaded 176000/262144 spectra
Loaded 177000/262144 spectra
Loaded 178000/262144 spectra
Loaded 179000/262144 spectra
Loaded 180000/262144 spectra
Loaded 181000/262144 spectra
Loaded 182000/262144 spectra
Loaded 183000/262144 spectra
Loaded 184000/262144 spectra
Loaded 185000/262144 spectra
Loaded 186000/262144 spectra
Loaded 187000/262144 spectra
Loaded 188000/262144 spectra
Loaded 189000/262144 spectra
Loaded 190000/262144 spectra
Loaded 191000/262144 spectra
Loaded 192000/262144 spectra
Loaded 193000/262144 spectra
Loaded 194000/262144 spectra
Loaded 195000/262144 spectra
Loaded 196000/262144 spectra
Loaded 197000/262144 spectra
Loaded 198000/262144 spectra
Loaded 199000/262144 spectra
Loaded 200000/262144 spectra
Loaded 201000/262144 spectra
Loaded 202000/262144 spectra
Loaded 203000/262144 spectra
Loaded 204000/262144 spectra
Loaded 205000/262144 spectra
Loaded 206000/262144 spectra
Loaded 207000/262144 spectra
Loaded 208000/262144 spectra
Loaded 209000/262144 spectra
Loaded 210000/262144 spectra
Loaded 211000/262144 spectra
Loaded 212000/262144 spectra
Loaded 213000/262144 spectra
Loaded 214000/262144 spectra
Loaded 215000/262144 spectra
Loaded 216000/262144 spectra
Loaded 217000/262144 spectra
Loaded 218000/262144 spectra
Loaded 219000/262144 spectra
Loaded 220000/262144 spectra
Loaded 221000/262144 spectra
Loaded 222000/262144 spectra
Loaded 223000/262144 spectra
Loaded 224000/262144 spectra
Loaded 225000/262144 spectra
Loaded 226000/262144 spectra
Loaded 227000/262144 spectra
Loaded 228000/262144 spectra
Loaded 229000/262144 spectra
Loaded 230000/262144 spectra
Loaded 231000/262144 spectra
Loaded 232000/262144 spectra
Loaded 233000/262144 spectra
Loaded 234000/262144 spectra
Loaded 235000/262144 spectra
Loaded 236000/262144 spectra
Loaded 237000/262144 spectra
Loaded 238000/262144 spectra
Loaded 239000/262144 spectra
Loaded 240000/262144 spectra
Loaded 241000/262144 spectra
Loaded 242000/262144 spectra
Loaded 243000/262144 spectra
Loaded 244000/262144 spectra
Loaded 245000/262144 spectra
Loaded 246000/262144 spectra
Loaded 247000/262144 spectra
Loaded 248000/262144 spectra
Loaded 249000/262144 spectra
Loaded 250000/262144 spectra
Loaded 251000/262144 spectra
Loaded 252000/262144 spectra
Loaded 253000/262144 spectra
Loaded 254000/262144 spectra
Loaded 255000/262144 spectra
Loaded 256000/262144 spectra
Loaded 257000/262144 spectra
Loaded 258000/262144 spectra
Loaded 259000/262144 spectra
Loaded 260000/262144 spectra
Loaded 261000/262144 spectra
Loaded 262000/262144 spectra
Loaded 262144/262144 spectra
Selected TB loaded: (262144, 201)
Input mode: raw spectrum only
Model input array prepared: (262144, 201)
fCNM error floor: OFF
RHI target transform: log(RHI) for training, exp() for evaluation
Input normalization: ON, fitted per velocity channel on train split
Target normalization: ON, fitted on train split (mean fCNM/RHI=[0.0927797  0.05011275], std=[0.172869   0.14508232])
RHI tail loss weighting: OFF
fCNM zero/floor loss weighting: ON (threshold <= 0, weight=3, n=173964)
Using imbalance sampler with 24 occupied joint bins out of 100; min/max bin counts=1/133224
Building TPCNetInspiredCNN with num_layers=4
TPCNetInspiredCNN(
  num_layers=4, channels=[64, 56, 48, 40], kernels=[7, 33, 7, 33]
  (backbone): Sequential(
    (0): Conv1d(1, 64, kernel_size=(7,), stride=(1,), padding=(3,), bias=False)
    (1): BatchNorm1d(64, eps=1e-05, momentum=0.1, affine=True, track_running_stats=True)
    (2): ReLU(inplace=True)
    (3): Conv1d(64, 56, kernel_size=(33,), stride=(1,), padding=(16,), bias=False)
    (4): BatchNorm1d(56, eps=1e-05, momentum=0.1, affine=True, track_running_stats=True)
    (5): ReLU(inplace=True)
    (6): Conv1d(56, 48, kernel_size=(7,), stride=(1,), padding=(3,), bias=False)
    (7): BatchNorm1d(48, eps=1e-05, momentum=0.1, affine=True, track_running_stats=True)
    (8): ReLU(inplace=True)
    (9): Conv1d(48, 40, kernel_size=(33,), stride=(1,), padding=(16,), bias=False)
    (10): BatchNorm1d(40, eps=1e-05, momentum=0.1, affine=True, track_running_stats=True)
    (11): ReLU(inplace=True)
  )
  (head): Linear(in_features=8040, out_features=2, bias=True)
)
Epoch 001 | train_loss=2.74395 | train_RMSE_fCNM=0.124062 | train_RMSE_RHI=2.29002 | val_loss=1.4668 | val_RMSE_fCNM=0.0907442 | val_RMSE_RHI=0.359839 | test_RMSE_fCNM=0.0911383 | test_RMSE_RHI=0.377159 | lr=0.001
Epoch 002 | train_loss=0.820301 | train_RMSE_fCNM=0.0745373 | train_RMSE_RHI=1.27074 | val_loss=0.821535 | val_RMSE_fCNM=0.0637562 | val_RMSE_RHI=0.266359 | test_RMSE_fCNM=0.0641784 | test_RMSE_RHI=0.281574 | lr=0.001
Epoch 003 | train_loss=0.587363 | train_RMSE_fCNM=0.0659011 | train_RMSE_RHI=1.09037 | val_loss=0.925541 | val_RMSE_fCNM=0.0825643 | val_RMSE_RHI=0.278903 | test_RMSE_fCNM=0.0828197 | test_RMSE_RHI=0.291536 | lr=0.001
Epoch 004 | train_loss=0.485371 | train_RMSE_fCNM=0.0619153 | train_RMSE_RHI=0.976833 | val_loss=0.596327 | val_RMSE_fCNM=0.080322 | val_RMSE_RHI=0.220228 | test_RMSE_fCNM=0.0812566 | test_RMSE_RHI=0.248211 | lr=0.001
Epoch 005 | train_loss=0.409262 | train_RMSE_fCNM=0.0592797 | train_RMSE_RHI=0.85729 | val_loss=0.499846 | val_RMSE_fCNM=0.0594278 | val_RMSE_RHI=0.211434 | test_RMSE_fCNM=0.0602167 | test_RMSE_RHI=0.232618 | lr=0.001
Epoch 006 | train_loss=0.384912 | train_RMSE_fCNM=0.0579615 | train_RMSE_RHI=0.957699 | val_loss=0.600139 | val_RMSE_fCNM=0.0849295 | val_RMSE_RHI=0.221086 | test_RMSE_fCNM=0.0854355 | test_RMSE_RHI=0.243114 | lr=0.001
Epoch 007 | train_loss=0.323811 | train_RMSE_fCNM=0.054886 | train_RMSE_RHI=0.813825 | val_loss=0.491943 | val_RMSE_fCNM=0.0656668 | val_RMSE_RHI=0.207454 | test_RMSE_fCNM=0.0658462 | test_RMSE_RHI=0.231168 | lr=0.001
Epoch 008 | train_loss=0.307283 | train_RMSE_fCNM=0.0511726 | train_RMSE_RHI=0.850617 | val_loss=0.451759 | val_RMSE_fCNM=0.0699388 | val_RMSE_RHI=0.199079 | test_RMSE_fCNM=0.0702739 | test_RMSE_RHI=0.223119 | lr=0.001
Epoch 009 | train_loss=0.277488 | train_RMSE_fCNM=0.0502005 | train_RMSE_RHI=0.777626 | val_loss=0.386938 | val_RMSE_fCNM=0.0535916 | val_RMSE_RHI=0.189028 | test_RMSE_fCNM=0.0542528 | test_RMSE_RHI=0.216435 | lr=0.001
Epoch 010 | train_loss=0.276735 | train_RMSE_fCNM=0.0517579 | train_RMSE_RHI=0.794005 | val_loss=0.336287 | val_RMSE_fCNM=0.0459944 | val_RMSE_RHI=0.183437 | test_RMSE_fCNM=0.0466081 | test_RMSE_RHI=0.210459 | lr=0.001
Epoch 011 | train_loss=0.236851 | train_RMSE_fCNM=0.0473845 | train_RMSE_RHI=0.723289 | val_loss=0.315106 | val_RMSE_fCNM=0.0521007 | val_RMSE_RHI=0.179641 | test_RMSE_fCNM=0.0527959 | test_RMSE_RHI=0.211476 | lr=0.001
Epoch 012 | train_loss=0.22602 | train_RMSE_fCNM=0.0474729 | train_RMSE_RHI=0.701969 | val_loss=0.328449 | val_RMSE_fCNM=0.052596 | val_RMSE_RHI=0.180705 | test_RMSE_fCNM=0.0529961 | test_RMSE_RHI=0.207307 | lr=0.001
Epoch 013 | train_loss=0.216429 | train_RMSE_fCNM=0.0469621 | train_RMSE_RHI=0.690716 | val_loss=0.298753 | val_RMSE_fCNM=0.0519449 | val_RMSE_RHI=0.177967 | test_RMSE_fCNM=0.0526406 | test_RMSE_RHI=0.206395 | lr=0.001
Epoch 014 | train_loss=0.205998 | train_RMSE_fCNM=0.0453794 | train_RMSE_RHI=0.701765 | val_loss=0.296219 | val_RMSE_fCNM=0.0471814 | val_RMSE_RHI=0.176249 | test_RMSE_fCNM=0.0478683 | test_RMSE_RHI=0.206255 | lr=0.001
Epoch 015 | train_loss=0.189252 | train_RMSE_fCNM=0.0438124 | train_RMSE_RHI=0.656655 | val_loss=0.285879 | val_RMSE_fCNM=0.0476749 | val_RMSE_RHI=0.17662 | test_RMSE_fCNM=0.0480839 | test_RMSE_RHI=0.208608 | lr=0.001
Epoch 016 | train_loss=0.185759 | train_RMSE_fCNM=0.0442471 | train_RMSE_RHI=0.667555 | val_loss=0.297786 | val_RMSE_fCNM=0.0493204 | val_RMSE_RHI=0.178306 | test_RMSE_fCNM=0.0501569 | test_RMSE_RHI=0.209245 | lr=0.001
Epoch 017 | train_loss=0.17055 | train_RMSE_fCNM=0.0433854 | train_RMSE_RHI=0.588753 | val_loss=0.276907 | val_RMSE_fCNM=0.0478445 | val_RMSE_RHI=0.177033 | test_RMSE_fCNM=0.048251 | test_RMSE_RHI=0.207108 | lr=0.001
Epoch 018 | train_loss=0.168555 | train_RMSE_fCNM=0.0424257 | train_RMSE_RHI=0.619299 | val_loss=0.287461 | val_RMSE_fCNM=0.0575135 | val_RMSE_RHI=0.175032 | test_RMSE_fCNM=0.0580665 | test_RMSE_RHI=0.209196 | lr=0.001
Epoch 019 | train_loss=0.156538 | train_RMSE_fCNM=0.0420229 | train_RMSE_RHI=0.594087 | val_loss=0.250247 | val_RMSE_fCNM=0.0460612 | val_RMSE_RHI=0.169718 | test_RMSE_fCNM=0.0468957 | test_RMSE_RHI=0.206738 | lr=0.001
Epoch 020 | train_loss=0.149259 | train_RMSE_fCNM=0.0412237 | train_RMSE_RHI=0.562502 | val_loss=0.236161 | val_RMSE_fCNM=0.0457149 | val_RMSE_RHI=0.168489 | test_RMSE_fCNM=0.0467054 | test_RMSE_RHI=0.203245 | lr=0.001
Epoch 021 | train_loss=0.148682 | train_RMSE_fCNM=0.0407009 | train_RMSE_RHI=0.59875 | val_loss=0.23823 | val_RMSE_fCNM=0.0463073 | val_RMSE_RHI=0.168103 | test_RMSE_fCNM=0.0472739 | test_RMSE_RHI=0.202958 | lr=0.001
Epoch 022 | train_loss=0.138451 | train_RMSE_fCNM=0.0391925 | train_RMSE_RHI=0.56938 | val_loss=0.243643 | val_RMSE_fCNM=0.0455616 | val_RMSE_RHI=0.170962 | test_RMSE_fCNM=0.0461455 | test_RMSE_RHI=0.203131 | lr=0.001
Epoch 023 | train_loss=0.132438 | train_RMSE_fCNM=0.0385081 | train_RMSE_RHI=0.540906 | val_loss=0.242087 | val_RMSE_fCNM=0.0526713 | val_RMSE_RHI=0.16906 | test_RMSE_fCNM=0.0531583 | test_RMSE_RHI=0.203878 | lr=0.001
Epoch 024 | train_loss=0.129049 | train_RMSE_fCNM=0.0392221 | train_RMSE_RHI=0.547662 | val_loss=0.230921 | val_RMSE_fCNM=0.0445437 | val_RMSE_RHI=0.168237 | test_RMSE_fCNM=0.0455235 | test_RMSE_RHI=0.201501 | lr=0.001
Epoch 025 | train_loss=0.119399 | train_RMSE_fCNM=0.0383277 | train_RMSE_RHI=0.479665 | val_loss=0.248364 | val_RMSE_fCNM=0.0436214 | val_RMSE_RHI=0.171103 | test_RMSE_fCNM=0.0439415 | test_RMSE_RHI=0.207067 | lr=0.001
Epoch 026 | train_loss=0.122634 | train_RMSE_fCNM=0.0382754 | train_RMSE_RHI=0.548993 | val_loss=0.234777 | val_RMSE_fCNM=0.0447884 | val_RMSE_RHI=0.170211 | test_RMSE_fCNM=0.045345 | test_RMSE_RHI=0.203069 | lr=0.001
Epoch 027 | train_loss=0.11654 | train_RMSE_fCNM=0.0381547 | train_RMSE_RHI=0.509378 | val_loss=0.216575 | val_RMSE_fCNM=0.0435344 | val_RMSE_RHI=0.165772 | test_RMSE_fCNM=0.0442263 | test_RMSE_RHI=0.202446 | lr=0.001
Epoch 028 | train_loss=0.10921 | train_RMSE_fCNM=0.0368986 | train_RMSE_RHI=0.465206 | val_loss=0.218033 | val_RMSE_fCNM=0.0440441 | val_RMSE_RHI=0.167333 | test_RMSE_fCNM=0.0449084 | test_RMSE_RHI=0.206201 | lr=0.001
Epoch 029 | train_loss=0.115125 | train_RMSE_fCNM=0.0368725 | train_RMSE_RHI=0.537213 | val_loss=0.220158 | val_RMSE_fCNM=0.0523767 | val_RMSE_RHI=0.16712 | test_RMSE_fCNM=0.0529285 | test_RMSE_RHI=0.202584 | lr=0.001
Epoch 030 | train_loss=0.104513 | train_RMSE_fCNM=0.0358036 | train_RMSE_RHI=0.477628 | val_loss=0.205344 | val_RMSE_fCNM=0.0394977 | val_RMSE_RHI=0.164825 | test_RMSE_fCNM=0.0400805 | test_RMSE_RHI=0.20237 | lr=0.001
Epoch 031 | train_loss=0.099667 | train_RMSE_fCNM=0.0352366 | train_RMSE_RHI=0.473686 | val_loss=0.210294 | val_RMSE_fCNM=0.0439944 | val_RMSE_RHI=0.167873 | test_RMSE_fCNM=0.0449027 | test_RMSE_RHI=0.204114 | lr=0.001
Epoch 032 | train_loss=0.0983963 | train_RMSE_fCNM=0.0354715 | train_RMSE_RHI=0.457941 | val_loss=0.207163 | val_RMSE_fCNM=0.0434944 | val_RMSE_RHI=0.166193 | test_RMSE_fCNM=0.0442891 | test_RMSE_RHI=0.202779 | lr=0.001
Epoch 033 | train_loss=0.0974862 | train_RMSE_fCNM=0.0352505 | train_RMSE_RHI=0.467276 | val_loss=0.208165 | val_RMSE_fCNM=0.0408229 | val_RMSE_RHI=0.166852 | test_RMSE_fCNM=0.0416021 | test_RMSE_RHI=0.20284 | lr=0.001
Epoch 034 | train_loss=0.0926232 | train_RMSE_fCNM=0.0343155 | train_RMSE_RHI=0.455491 | val_loss=0.197617 | val_RMSE_fCNM=0.0406353 | val_RMSE_RHI=0.165412 | test_RMSE_fCNM=0.0413535 | test_RMSE_RHI=0.206202 | lr=0.001
Epoch 035 | train_loss=0.0873134 | train_RMSE_fCNM=0.0338628 | train_RMSE_RHI=0.409408 | val_loss=0.200184 | val_RMSE_fCNM=0.0436682 | val_RMSE_RHI=0.164569 | test_RMSE_fCNM=0.044541 | test_RMSE_RHI=0.201521 | lr=0.001
Epoch 036 | train_loss=0.0915559 | train_RMSE_fCNM=0.0346036 | train_RMSE_RHI=0.464764 | val_loss=0.194217 | val_RMSE_fCNM=0.0411433 | val_RMSE_RHI=0.165205 | test_RMSE_fCNM=0.0417686 | test_RMSE_RHI=0.20361 | lr=0.001
Epoch 037 | train_loss=0.0897177 | train_RMSE_fCNM=0.0345673 | train_RMSE_RHI=0.443095 | val_loss=0.200346 | val_RMSE_fCNM=0.043554 | val_RMSE_RHI=0.164076 | test_RMSE_fCNM=0.0445695 | test_RMSE_RHI=0.20396 | lr=0.001
Epoch 038 | train_loss=0.0840251 | train_RMSE_fCNM=0.0330862 | train_RMSE_RHI=0.441509 | val_loss=0.189456 | val_RMSE_fCNM=0.0453796 | val_RMSE_RHI=0.163691 | test_RMSE_fCNM=0.0457553 | test_RMSE_RHI=0.204055 | lr=0.001
Epoch 039 | train_loss=0.0829968 | train_RMSE_fCNM=0.0336729 | train_RMSE_RHI=0.401332 | val_loss=0.183857 | val_RMSE_fCNM=0.0405845 | val_RMSE_RHI=0.163029 | test_RMSE_fCNM=0.0411564 | test_RMSE_RHI=0.204981 | lr=0.001
Epoch 040 | train_loss=0.0806523 | train_RMSE_fCNM=0.0327739 | train_RMSE_RHI=0.416702 | val_loss=0.201707 | val_RMSE_fCNM=0.0412708 | val_RMSE_RHI=0.167241 | test_RMSE_fCNM=0.0415466 | test_RMSE_RHI=0.205752 | lr=0.001
Epoch 041 | train_loss=0.0790116 | train_RMSE_fCNM=0.0325532 | train_RMSE_RHI=0.403184 | val_loss=0.192039 | val_RMSE_fCNM=0.0405558 | val_RMSE_RHI=0.164226 | test_RMSE_fCNM=0.0409333 | test_RMSE_RHI=0.204335 | lr=0.001
Epoch 042 | train_loss=0.0759464 | train_RMSE_fCNM=0.0324957 | train_RMSE_RHI=0.413621 | val_loss=0.225552 | val_RMSE_fCNM=0.0551371 | val_RMSE_RHI=0.168107 | test_RMSE_fCNM=0.055925 | test_RMSE_RHI=0.206715 | lr=0.001
Epoch 043 | train_loss=0.0748515 | train_RMSE_fCNM=0.0324015 | train_RMSE_RHI=0.385965 | val_loss=0.188234 | val_RMSE_fCNM=0.0450109 | val_RMSE_RHI=0.163515 | test_RMSE_fCNM=0.0454591 | test_RMSE_RHI=0.203948 | lr=0.001
Epoch 044 | train_loss=0.0737401 | train_RMSE_fCNM=0.0317122 | train_RMSE_RHI=0.381501 | val_loss=0.188896 | val_RMSE_fCNM=0.0407256 | val_RMSE_RHI=0.165486 | test_RMSE_fCNM=0.0411584 | test_RMSE_RHI=0.205408 | lr=0.001
Epoch 045 | train_loss=0.0954264 | train_RMSE_fCNM=0.0347301 | train_RMSE_RHI=0.507169 | val_loss=0.188856 | val_RMSE_fCNM=0.0404604 | val_RMSE_RHI=0.16598 | test_RMSE_fCNM=0.0411803 | test_RMSE_RHI=0.206246 | lr=0.0005
Epoch 046 | train_loss=0.0509906 | train_RMSE_fCNM=0.0277913 | train_RMSE_RHI=0.254027 | val_loss=0.165489 | val_RMSE_fCNM=0.0386891 | val_RMSE_RHI=0.162076 | test_RMSE_fCNM=0.0393463 | test_RMSE_RHI=0.203294 | lr=0.0005
Epoch 047 | train_loss=0.0490244 | train_RMSE_fCNM=0.0274505 | train_RMSE_RHI=0.272013 | val_loss=0.170416 | val_RMSE_fCNM=0.0408173 | val_RMSE_RHI=0.162452 | test_RMSE_fCNM=0.0415698 | test_RMSE_RHI=0.203765 | lr=0.0005
Epoch 048 | train_loss=0.0485641 | train_RMSE_fCNM=0.0273433 | train_RMSE_RHI=0.285616 | val_loss=0.165969 | val_RMSE_fCNM=0.0378082 | val_RMSE_RHI=0.162143 | test_RMSE_fCNM=0.0384194 | test_RMSE_RHI=0.205678 | lr=0.0005
Epoch 049 | train_loss=0.0485983 | train_RMSE_fCNM=0.027306 | train_RMSE_RHI=0.285978 | val_loss=0.165129 | val_RMSE_fCNM=0.038953 | val_RMSE_RHI=0.16263 | test_RMSE_fCNM=0.0393061 | test_RMSE_RHI=0.205122 | lr=0.0005
Epoch 050 | train_loss=0.0490692 | train_RMSE_fCNM=0.0281076 | train_RMSE_RHI=0.284846 | val_loss=0.16487 | val_RMSE_fCNM=0.0382965 | val_RMSE_RHI=0.16213 | test_RMSE_fCNM=0.0387247 | test_RMSE_RHI=0.204399 | lr=0.0005
Epoch 051 | train_loss=0.0492936 | train_RMSE_fCNM=0.0276739 | train_RMSE_RHI=0.300112 | val_loss=0.166543 | val_RMSE_fCNM=0.0408219 | val_RMSE_RHI=0.161429 | test_RMSE_fCNM=0.041369 | test_RMSE_RHI=0.202968 | lr=0.0005
Epoch 052 | train_loss=0.0471547 | train_RMSE_fCNM=0.0274675 | train_RMSE_RHI=0.27112 | val_loss=0.165805 | val_RMSE_fCNM=0.0388874 | val_RMSE_RHI=0.162661 | test_RMSE_fCNM=0.0395977 | test_RMSE_RHI=0.205837 | lr=0.0005
Epoch 053 | train_loss=0.0463843 | train_RMSE_fCNM=0.0270366 | train_RMSE_RHI=0.280801 | val_loss=0.168383 | val_RMSE_fCNM=0.0394084 | val_RMSE_RHI=0.162204 | test_RMSE_fCNM=0.0399739 | test_RMSE_RHI=0.203835 | lr=0.0005
Epoch 054 | train_loss=0.0438618 | train_RMSE_fCNM=0.0266603 | train_RMSE_RHI=0.249325 | val_loss=0.166924 | val_RMSE_fCNM=0.0396475 | val_RMSE_RHI=0.162426 | test_RMSE_fCNM=0.0405507 | test_RMSE_RHI=0.205464 | lr=0.0005
Epoch 055 | train_loss=0.0461952 | train_RMSE_fCNM=0.0268247 | train_RMSE_RHI=0.282847 | val_loss=0.166181 | val_RMSE_fCNM=0.0403938 | val_RMSE_RHI=0.161949 | test_RMSE_fCNM=0.0411676 | test_RMSE_RHI=0.205354 | lr=0.0005
Epoch 056 | train_loss=0.0442562 | train_RMSE_fCNM=0.0266326 | train_RMSE_RHI=0.265191 | val_loss=0.163506 | val_RMSE_fCNM=0.0387634 | val_RMSE_RHI=0.162104 | test_RMSE_fCNM=0.0393472 | test_RMSE_RHI=0.203855 | lr=0.0005
Epoch 057 | train_loss=0.047674 | train_RMSE_fCNM=0.0273952 | train_RMSE_RHI=0.301151 | val_loss=0.160939 | val_RMSE_fCNM=0.0377274 | val_RMSE_RHI=0.162545 | test_RMSE_fCNM=0.0381685 | test_RMSE_RHI=0.205381 | lr=0.0005
Epoch 058 | train_loss=0.0427783 | train_RMSE_fCNM=0.0261391 | train_RMSE_RHI=0.264411 | val_loss=0.158723 | val_RMSE_fCNM=0.0375426 | val_RMSE_RHI=0.161556 | test_RMSE_fCNM=0.0381497 | test_RMSE_RHI=0.204421 | lr=0.0005
Epoch 059 | train_loss=0.0423904 | train_RMSE_fCNM=0.0264546 | train_RMSE_RHI=0.261379 | val_loss=0.155754 | val_RMSE_fCNM=0.0381567 | val_RMSE_RHI=0.161985 | test_RMSE_fCNM=0.0388538 | test_RMSE_RHI=0.20643 | lr=0.0005
Epoch 060 | train_loss=0.0439117 | train_RMSE_fCNM=0.0264201 | train_RMSE_RHI=0.293267 | val_loss=0.157629 | val_RMSE_fCNM=0.0396464 | val_RMSE_RHI=0.16211 | test_RMSE_fCNM=0.0402724 | test_RMSE_RHI=0.204969 | lr=0.0005
Epoch 061 | train_loss=0.0412392 | train_RMSE_fCNM=0.0259824 | train_RMSE_RHI=0.260269 | val_loss=0.159635 | val_RMSE_fCNM=0.0376095 | val_RMSE_RHI=0.161909 | test_RMSE_fCNM=0.0381504 | test_RMSE_RHI=0.203527 | lr=0.0005
Epoch 062 | train_loss=0.0406751 | train_RMSE_fCNM=0.0259188 | train_RMSE_RHI=0.266391 | val_loss=0.158343 | val_RMSE_fCNM=0.0391327 | val_RMSE_RHI=0.161973 | test_RMSE_fCNM=0.0397704 | test_RMSE_RHI=0.205416 | lr=0.0005
Epoch 063 | train_loss=0.0412723 | train_RMSE_fCNM=0.0257648 | train_RMSE_RHI=0.255894 | val_loss=0.155978 | val_RMSE_fCNM=0.0376085 | val_RMSE_RHI=0.161247 | test_RMSE_fCNM=0.0381652 | test_RMSE_RHI=0.204242 | lr=0.0005
Epoch 064 | train_loss=0.0435718 | train_RMSE_fCNM=0.0264961 | train_RMSE_RHI=0.282766 | val_loss=0.15934 | val_RMSE_fCNM=0.0401008 | val_RMSE_RHI=0.162006 | test_RMSE_fCNM=0.0408173 | test_RMSE_RHI=0.204185 | lr=0.0005
Epoch 065 | train_loss=0.0406811 | train_RMSE_fCNM=0.025862 | train_RMSE_RHI=0.253982 | val_loss=0.159589 | val_RMSE_fCNM=0.04013 | val_RMSE_RHI=0.16175 | test_RMSE_fCNM=0.0408379 | test_RMSE_RHI=0.205169 | lr=0.00025
Epoch 066 | train_loss=0.0316692 | train_RMSE_fCNM=0.0236976 | train_RMSE_RHI=0.198475 | val_loss=0.153464 | val_RMSE_fCNM=0.0372856 | val_RMSE_RHI=0.161482 | test_RMSE_fCNM=0.038001 | test_RMSE_RHI=0.205042 | lr=0.00025
Epoch 067 | train_loss=0.0318862 | train_RMSE_fCNM=0.0238419 | train_RMSE_RHI=0.190926 | val_loss=0.152986 | val_RMSE_fCNM=0.0378878 | val_RMSE_RHI=0.161752 | test_RMSE_fCNM=0.0384484 | test_RMSE_RHI=0.205193 | lr=0.00025
Epoch 068 | train_loss=0.031751 | train_RMSE_fCNM=0.0237917 | train_RMSE_RHI=0.196606 | val_loss=0.153728 | val_RMSE_fCNM=0.0397079 | val_RMSE_RHI=0.161894 | test_RMSE_fCNM=0.0402723 | test_RMSE_RHI=0.205811 | lr=0.00025
Epoch 069 | train_loss=0.0308558 | train_RMSE_fCNM=0.0236788 | train_RMSE_RHI=0.195776 | val_loss=0.152835 | val_RMSE_fCNM=0.0369867 | val_RMSE_RHI=0.162112 | test_RMSE_fCNM=0.037437 | test_RMSE_RHI=0.205718 | lr=0.00025
Epoch 070 | train_loss=0.0313487 | train_RMSE_fCNM=0.023657 | train_RMSE_RHI=0.201749 | val_loss=0.151903 | val_RMSE_fCNM=0.0375329 | val_RMSE_RHI=0.161526 | test_RMSE_fCNM=0.0379856 | test_RMSE_RHI=0.205797 | lr=0.00025
Epoch 071 | train_loss=0.0313154 | train_RMSE_fCNM=0.0237857 | train_RMSE_RHI=0.210981 | val_loss=0.151664 | val_RMSE_fCNM=0.0370843 | val_RMSE_RHI=0.161546 | test_RMSE_fCNM=0.0375003 | test_RMSE_RHI=0.204383 | lr=0.00025
Epoch 072 | train_loss=0.0301428 | train_RMSE_fCNM=0.0233386 | train_RMSE_RHI=0.185808 | val_loss=0.151153 | val_RMSE_fCNM=0.0379529 | val_RMSE_RHI=0.16184 | test_RMSE_fCNM=0.0383678 | test_RMSE_RHI=0.205695 | lr=0.00025
Epoch 073 | train_loss=0.0308123 | train_RMSE_fCNM=0.0236791 | train_RMSE_RHI=0.19446 | val_loss=0.150142 | val_RMSE_fCNM=0.0369235 | val_RMSE_RHI=0.161696 | test_RMSE_fCNM=0.0376341 | test_RMSE_RHI=0.205529 | lr=0.00025
Epoch 074 | train_loss=0.0301059 | train_RMSE_fCNM=0.0234071 | train_RMSE_RHI=0.189893 | val_loss=0.151883 | val_RMSE_fCNM=0.0373085 | val_RMSE_RHI=0.161481 | test_RMSE_fCNM=0.0379095 | test_RMSE_RHI=0.204915 | lr=0.00025
Epoch 075 | train_loss=0.0300743 | train_RMSE_fCNM=0.0234265 | train_RMSE_RHI=0.197262 | val_loss=0.15036 | val_RMSE_fCNM=0.0374172 | val_RMSE_RHI=0.161858 | test_RMSE_fCNM=0.0380397 | test_RMSE_RHI=0.205443 | lr=0.00025
Epoch 076 | train_loss=0.0292612 | train_RMSE_fCNM=0.0232101 | train_RMSE_RHI=0.181091 | val_loss=0.149182 | val_RMSE_fCNM=0.0372512 | val_RMSE_RHI=0.161007 | test_RMSE_fCNM=0.037909 | test_RMSE_RHI=0.204839 | lr=0.00025
Epoch 077 | train_loss=0.0298636 | train_RMSE_fCNM=0.0233117 | train_RMSE_RHI=0.20891 | val_loss=0.150705 | val_RMSE_fCNM=0.0375622 | val_RMSE_RHI=0.161464 | test_RMSE_fCNM=0.0382579 | test_RMSE_RHI=0.20517 | lr=0.00025
Epoch 078 | train_loss=0.0292861 | train_RMSE_fCNM=0.0231623 | train_RMSE_RHI=0.186111 | val_loss=0.149855 | val_RMSE_fCNM=0.0366515 | val_RMSE_RHI=0.161779 | test_RMSE_fCNM=0.0371654 | test_RMSE_RHI=0.204884 | lr=0.00025
Epoch 079 | train_loss=0.0294593 | train_RMSE_fCNM=0.0232556 | train_RMSE_RHI=0.187094 | val_loss=0.148927 | val_RMSE_fCNM=0.036668 | val_RMSE_RHI=0.162057 | test_RMSE_fCNM=0.0371972 | test_RMSE_RHI=0.20514 | lr=0.00025
Epoch 080 | train_loss=0.0296328 | train_RMSE_fCNM=0.023183 | train_RMSE_RHI=0.19366 | val_loss=0.151135 | val_RMSE_fCNM=0.0368505 | val_RMSE_RHI=0.162685 | test_RMSE_fCNM=0.0372973 | test_RMSE_RHI=0.206655 | lr=0.00025
Epoch 081 | train_loss=0.0295351 | train_RMSE_fCNM=0.0234013 | train_RMSE_RHI=0.199709 | val_loss=0.147894 | val_RMSE_fCNM=0.0363632 | val_RMSE_RHI=0.161841 | test_RMSE_fCNM=0.0368869 | test_RMSE_RHI=0.206103 | lr=0.00025
Epoch 082 | train_loss=0.0291213 | train_RMSE_fCNM=0.0232269 | train_RMSE_RHI=0.188692 | val_loss=0.150253 | val_RMSE_fCNM=0.0381347 | val_RMSE_RHI=0.162032 | test_RMSE_fCNM=0.0388095 | test_RMSE_RHI=0.206832 | lr=0.00025
Epoch 083 | train_loss=0.0290322 | train_RMSE_fCNM=0.0230624 | train_RMSE_RHI=0.204707 | val_loss=0.151568 | val_RMSE_fCNM=0.0365849 | val_RMSE_RHI=0.162585 | test_RMSE_fCNM=0.0371246 | test_RMSE_RHI=0.205755 | lr=0.00025
Epoch 084 | train_loss=0.0280432 | train_RMSE_fCNM=0.0227484 | train_RMSE_RHI=0.182102 | val_loss=0.148679 | val_RMSE_fCNM=0.0370259 | val_RMSE_RHI=0.161693 | test_RMSE_fCNM=0.0375295 | test_RMSE_RHI=0.205567 | lr=0.00025
Epoch 085 | train_loss=0.0274028 | train_RMSE_fCNM=0.022757 | train_RMSE_RHI=0.172297 | val_loss=0.149287 | val_RMSE_fCNM=0.0367392 | val_RMSE_RHI=0.161832 | test_RMSE_fCNM=0.0374087 | test_RMSE_RHI=0.206226 | lr=0.00025
Epoch 086 | train_loss=0.0287509 | train_RMSE_fCNM=0.0230255 | train_RMSE_RHI=0.194167 | val_loss=0.149544 | val_RMSE_fCNM=0.0377345 | val_RMSE_RHI=0.162101 | test_RMSE_fCNM=0.0382124 | test_RMSE_RHI=0.205729 | lr=0.00025
Epoch 087 | train_loss=0.0287617 | train_RMSE_fCNM=0.0228292 | train_RMSE_RHI=0.208978 | val_loss=0.150649 | val_RMSE_fCNM=0.0370808 | val_RMSE_RHI=0.16255 | test_RMSE_fCNM=0.0375347 | test_RMSE_RHI=0.206274 | lr=0.000125
Epoch 088 | train_loss=0.0242563 | train_RMSE_fCNM=0.0218514 | train_RMSE_RHI=0.150415 | val_loss=0.146477 | val_RMSE_fCNM=0.0363995 | val_RMSE_RHI=0.161806 | test_RMSE_fCNM=0.0369461 | test_RMSE_RHI=0.205855 | lr=0.000125
Epoch 089 | train_loss=0.024174 | train_RMSE_fCNM=0.021822 | train_RMSE_RHI=0.149894 | val_loss=0.146341 | val_RMSE_fCNM=0.0368155 | val_RMSE_RHI=0.161873 | test_RMSE_fCNM=0.0374215 | test_RMSE_RHI=0.206316 | lr=0.000125
Epoch 090 | train_loss=0.0237896 | train_RMSE_fCNM=0.0215465 | train_RMSE_RHI=0.14854 | val_loss=0.147734 | val_RMSE_fCNM=0.0358938 | val_RMSE_RHI=0.162323 | test_RMSE_fCNM=0.0364271 | test_RMSE_RHI=0.20727 | lr=0.000125
Epoch 091 | train_loss=0.0237502 | train_RMSE_fCNM=0.0217152 | train_RMSE_RHI=0.153131 | val_loss=0.145997 | val_RMSE_fCNM=0.0364045 | val_RMSE_RHI=0.161769 | test_RMSE_fCNM=0.0369061 | test_RMSE_RHI=0.206019 | lr=0.000125
Epoch 092 | train_loss=0.0244912 | train_RMSE_fCNM=0.021855 | train_RMSE_RHI=0.158987 | val_loss=0.145687 | val_RMSE_fCNM=0.0360257 | val_RMSE_RHI=0.161874 | test_RMSE_fCNM=0.0365376 | test_RMSE_RHI=0.206879 | lr=0.000125
Epoch 093 | train_loss=0.023835 | train_RMSE_fCNM=0.0216491 | train_RMSE_RHI=0.151379 | val_loss=0.145628 | val_RMSE_fCNM=0.0365731 | val_RMSE_RHI=0.161819 | test_RMSE_fCNM=0.0370915 | test_RMSE_RHI=0.206301 | lr=0.000125
Epoch 094 | train_loss=0.0241977 | train_RMSE_fCNM=0.0217549 | train_RMSE_RHI=0.155597 | val_loss=0.146129 | val_RMSE_fCNM=0.0359628 | val_RMSE_RHI=0.161649 | test_RMSE_fCNM=0.0364859 | test_RMSE_RHI=0.206265 | lr=0.000125
Epoch 095 | train_loss=0.0238193 | train_RMSE_fCNM=0.0218671 | train_RMSE_RHI=0.145673 | val_loss=0.146316 | val_RMSE_fCNM=0.035918 | val_RMSE_RHI=0.161759 | test_RMSE_fCNM=0.0363681 | test_RMSE_RHI=0.20616 | lr=0.000125
Epoch 096 | train_loss=0.0232481 | train_RMSE_fCNM=0.0214602 | train_RMSE_RHI=0.148676 | val_loss=0.146107 | val_RMSE_fCNM=0.0366951 | val_RMSE_RHI=0.161927 | test_RMSE_fCNM=0.0372519 | test_RMSE_RHI=0.206716 | lr=0.000125
Epoch 097 | train_loss=0.0234637 | train_RMSE_fCNM=0.0215255 | train_RMSE_RHI=0.147523 | val_loss=0.146081 | val_RMSE_fCNM=0.0368281 | val_RMSE_RHI=0.161931 | test_RMSE_fCNM=0.0373748 | test_RMSE_RHI=0.206519 | lr=0.000125
Epoch 098 | train_loss=0.0234346 | train_RMSE_fCNM=0.0215937 | train_RMSE_RHI=0.144365 | val_loss=0.146494 | val_RMSE_fCNM=0.0367437 | val_RMSE_RHI=0.162228 | test_RMSE_fCNM=0.0372845 | test_RMSE_RHI=0.206637 | lr=0.000125
Epoch 099 | train_loss=0.0236193 | train_RMSE_fCNM=0.0216323 | train_RMSE_RHI=0.148365 | val_loss=0.147025 | val_RMSE_fCNM=0.0365023 | val_RMSE_RHI=0.162163 | test_RMSE_fCNM=0.0369493 | test_RMSE_RHI=0.206837 | lr=6.25e-05
Epoch 100 | train_loss=0.0218174 | train_RMSE_fCNM=0.0210799 | train_RMSE_RHI=0.130056 | val_loss=0.145104 | val_RMSE_fCNM=0.0371141 | val_RMSE_RHI=0.161833 | test_RMSE_fCNM=0.0375565 | test_RMSE_RHI=0.206325 | lr=6.25e-05

Test RMSE fCNM: 0.0375564
Test RMSE RHI : 0.206324
Test MAE  fCNM: 0.0205116
Test MAE  RHI : 0.0499034

Prediction diagnostics
  fCNM truth: min=7.45058e-09, max=0.9707, mean=0.091333
  fCNM pred : min=0, max=1, mean=0.100189
  RHI truth: min=0.995655, max=25.905, mean=1.0675
  RHI pred : min=0.786372, max=9.03683, mean=1.06316

Summary
  device: cuda
  CNN layers: 4/8
  subset size: 262144
  train/val/test: 183501/39322/39321
  best validation loss: 0.145104
  final test RMSE fCNM: 0.0375564
  final test RMSE RHI : 0.206324
  sampled indices CSV: /mnt/c/Users/retar/Desktop/research/ML/ML_MW/results/layer_sweep_full_layers4/sampled_indices_layers4.csv
  split indices CSV: /mnt/c/Users/retar/Desktop/research/ML/ML_MW/results/layer_sweep_full_layers4/split_indices_layers4.csv
  training metrics CSV: /mnt/c/Users/retar/Desktop/research/ML/ML_MW/results/layer_sweep_full_layers4/training_metrics_layers4.csv
  prediction CSV: /mnt/c/Users/retar/Desktop/research/ML/ML_MW/results/layer_sweep_full_layers4/test_predictions_layers4.csv
  figures:
    /mnt/c/Users/retar/Desktop/research/ML/ML_MW/figs/layer_sweep_full_layers4/true_vs_pred_fcnm_layers4.png
    /mnt/c/Users/retar/Desktop/research/ML/ML_MW/figs/layer_sweep_full_layers4/true_vs_pred_rhi_layers4.png
    /mnt/c/Users/retar/Desktop/research/ML/ML_MW/figs/layer_sweep_full_layers4/true_vs_pred_combined_layers4.png
    /mnt/c/Users/retar/Desktop/research/ML/ML_MW/figs/layer_sweep_full_layers4/true_vs_pred_rhi_log_layers4.png

============================================================
Starting layer count: 5
============================================================
Using device: cuda
Selected CNN depth: 5/8 convolutional layers
Reading targets from: /mnt/c/Users/retar/Desktop/research/ML/data/MW/fcnm_RHI_z.fits
Listing spectra in: /mnt/c/Users/retar/Desktop/research/ML/data/MW/syn_HI_spec_z
Found 262144 spectra files
Mapped spectra filenames to flattened FITS target indices using target shape (512, 512)

Split sizes: train=183501, val=39322, test=39321

Target summary: selected subset (n=262144)
  fCNM: min=0, p05=0, median=0, mean=0.092244, std=0.17233, p95=0.50071, max=0.9707
  RHI : min=0.99561, p05=0.99786, median=1.0111, mean=1.0671, std=0.30218, p95=1.2818, max=38.421

Target summary: train (n=183501)
  fCNM: min=0, p05=0, median=0, mean=0.09278, std=0.17286, p95=0.50325, max=0.94901
  RHI : min=0.99561, p05=0.99786, median=1.0111, mean=1.0674, std=0.30349, p95=1.2836, max=38.421

Target summary: validation (n=39322)
  fCNM: min=0, p05=0, median=0, mean=0.090652, std=0.17093, p95=0.49569, max=0.92045
  RHI : min=0.99564, p05=0.99787, median=1.011, mean=1.0654, std=0.27205, p95=1.2814, max=12.44

Target summary: test (n=39321)
  fCNM: min=0, p05=0, median=0, mean=0.091333, std=0.17123, p95=0.49519, max=0.9707
  RHI : min=0.99566, p05=0.99785, median=1.011, mean=1.0675, std=0.32391, p95=1.2742, max=25.905

Reading only selected subset spectra: 262144 files, tb_column=3
Inferred spectrum length: 201 channels
Loaded 1/262144 spectra
Loaded 1000/262144 spectra
Loaded 2000/262144 spectra
Loaded 3000/262144 spectra
Loaded 4000/262144 spectra
